INSERT INTO `location` (`id`, `location_from_email`, `location_image_logo`, `location_name`, `location_smtp_server`, `location_from_email_password`, `location_smtp_server_port`, `location_text_logo`, `location_to_facebook_email`, `location_to_flickr_email`) VALUES
	(1, 'fotaflo@gmail.com', '\\img\\logo\\USAlogo.gif', 'USA', 'smtp.gmail.com', 'xthntyjr13', 465, 'USA vacation', 'beluga267sire@m.facebook.com', 'sever38human@photos.flickr.com'),
	(2, 'fotaflo@gmail.com', '\\img\\logo\\Canadalogo.jpg', 'Canada', 'smtp.gmail.com', 'xthntyjr13', 465, 'Canada Vacation', 'beluga267sire@m.facebook.com', 'sever38human@photos.flickr.com'),
	(4, 'fotaflo@gmail.com', '\\img\\logo\\Mexicologo.jpg', ' Mexico SA', 'smtp.gmail.com', 'xthntyjr13', 465, 'Long point!', 'beluga267sire@m.facebook.com', 'sever38human@photos.flickr.com'),
	(5, 'fotaflo@gmail.com', '', 'Long point Eco-Adventures', 'smtp.gmail.com', 'xthntyjr13', 465, '', 'poisha674swivel@m.facebook.com', 'doubt59from@photos.flickr.com'),
	(9, NULL, NULL, 'Pcs', NULL, NULL, NULL, NULL, NULL, NULL),
	(11, 'fotaflo@gmail.com', 'imglogoChicopee Tube Parklogo.jpg', 'Chicopee Tube Park', 'smtp.gmail.com', 'xthntyjr13', 465, NULL, 'beluga267sire@m.facebook.com', 'sever38human@photos.flickr.com'),
	(93, 'fotaflo@gmail.com', '', 'Woodside Greens', 'smtp.gmail.com', 'xthntyjr13', 465, '', 'beluga267sire@m.facebook.com', 'sever38human@photos.flickr.com'),
	(164, NULL, '', 'Turkey Point Watersports', NULL, NULL, NULL, 'Turkey Point', NULL, NULL),
	(167, NULL, NULL, 'Mount St. Louis Moonstone', NULL, NULL, NULL, NULL, NULL, NULL);
	
	
	INSERT INTO `usersettings` (`id`, `pageSize`, `pictureCount`, `speed`) VALUES
	(1, '50', 1, 20),
	(5, '50', 1, 20),
	(6, '5', 4, 15),
	(8, '50', 1, 20),
	(10, '5', 4, 20),
	(11, '50', 1, 10),
	(12, '5', 4, 20),
	(14, '20', 4, 5),
	(15, '20', 4, 5),
	(16, '20', 4, 5),
	(17, '20', 4, 5),
	(18, '10', 4, 5),
	(19, '20', 4, 5);
	
	INSERT INTO `systemuser` (`id`, `access`, `email`, `firstname`, `lastname`, `login_name`, `password`, `stringed_filename`, `usersettings_id`, `location_id`) VALUES
	(1, '1', 'Unknown@unknown.unknown', 'Ryan', 'O\'Grady', 'admin', '267416c9de9d064d98bbfa9ec410930f', 'Purchase Training', 1, 5),
	(5, '2', 'Unknown@unknown.unknown', 'Long point', 'Eco adventures', 'LPEA', '098f6bcd4621d373cade4e832627b4f6', 'Zip Lines Ontario', 5, 5),
	(7, '1', 'Unknown@unknown.unknown', 'Tayna', 'Tayna', 'Tayna', 'c98fb8cbcb0a2ba7998f178820d1f01f', NULL, 6, 1),
	(9, '2', 'Ivanov@.kjl.by', 'Chicopee', 'Tube Park', 'tubepark', 'e336817a1fa07215f0a912f493361677', 'Chicopee Tube Park', 8, 11),
	(18, '2', 'Unknown@unknown.unknown', 'fotaflo', 'fotaflo', 'fotaflo', '267416c9de9d064d98bbfa9ec410930f', NULL, 10, 2),
	(19, '2', 'Ivanov@.kjl.by', 'Woodside', 'Greens', 'Woodside', '1dd1c5b63d654fcb61bc0be7fc41bbf0', 'Woodside_Greens', 11, 93),
	(21, '2', 'Unknown@unknown.unknown', 'Ivan', 'Ivanov', 'IvanovAdmin', '4dfe6e220d16e7b633cfdd92bcc8050b', NULL, 12, 2),
	(27, '2', 'Ivanov@.kjl.by', 'Turkey Point', 'Watersports', 'Turkey', '2a3cd5946cfd317eb99c3d32e35e2d4c', NULL, 14, 164),
	(28, '2', 'Unknown@unknown.unknown', 'Heys', 'Heys', 'Heys', '6057f13c496ecf7fd777ceb9e79ae285', NULL, 15, 1),
	(29, '1', 'Unknown@unknown.unknown', 'Sinkevich', 'Sinkevich', 'Sinkevich', '6b5858613122832458ffa572fdf77ad3', 'usinkevich@scnsoft.com', 16, 11),
	(30, '2', 'Ivanov@.kjl.by', 'Vladimir', 'Vladimir', 'Vladimir', '10098319a6c61cc6d80096a644880fe1', NULL, 17, 2),
	(31, '1', 'Ivanov@.kjl.by', 'Nadezda', 'Drozdova', 'Naddy', '7f14951a4e111146f2952e7c7d9914c9', 'Naddy_photo', 18, 2),
	(32, '2', 'Ivanov@.kjl.by', 'Mount st.', 'Louis Moonstone', 'MSLM', '51d1f7159e9bd983723dfb23cb32e354', NULL, 19, 167);
	
	INSERT INTO `camera` (`id`, `camera_name`, `location_id`) VALUES
	(31, 'Mike', 5),
	(32, 'Gerald', 5),
	(33, 'Gary', 5),
	(34, 'Todd', 5),
	(83, 'Chic Zip', 11),
	(84, 'Chic Tube', 11),
	(85, 'Chic Bungy', 11),
	(86, '1st Tee', 93),
	(87, 'Beer Cart', 93),
	(88, 'Ron\'s Camera', 164),
	(89, 'Nicky\'s Camera', 164),
	(90, 'Peter', 5),
	(91, 'Rudy', 5),
	(92, 'Racing Program', 167);
	
	INSERT INTO `packages` (`id`, `package_name`, `location_id`) VALUES
	(21, 'Canada', 2),
	(22, 'Canada location 2', 2),
	(24, 'USA location 1', 1),
	(25, 'USA location 2', 1),
	(28, 'Special LPEA', 5),
	(29, 'Package 2 LPEA', 5),
	(30, 'Mistakes LPEA', 5),
	(31, 'New Package', NULL),
	(32, 'New Package1111', NULL),
	(33, 'New Package', NULL),
	(34, 'New Package', NULL),
	(35, 'New Package', NULL),
	(36, 'New Package', NULL),
	(37, 'New Package', NULL),
	(38, 'New Package', NULL),
	(39, 'New Package', NULL),
	(40, 'New Package', NULL),
	(41, 'New Package', NULL),
	(42, 'New Package', NULL),
	(43, 'New Package', NULL),
	(44, 'New Package', NULL),
	(45, 'New Package', NULL),
	(46, 'New Package', NULL),
	(47, 'New Package', NULL),
	(48, 'New Package', NULL),
	(49, 'New Package', NULL),
	(50, 'New Package', NULL),
	(51, 'New Package', NULL),
	(52, 'New Package', NULL),
	(53, 'New Package', NULL),
	(54, 'New Package', NULL),
	(55, 'New Package', NULL),
	(56, 'New Package', NULL),
	(57, 'New Package', NULL),
	(58, 'New Package', NULL),
	(59, 'New Package', NULL),
	(60, 'New Package', NULL),
	(61, 'New Package', NULL),
	(62, 'New Package', NULL),
	(63, 'New Package', NULL),
	(64, 'New Package', NULL),
	(65, 'New Package', NULL),
	(66, 'New Package', NULL),
	(67, 'New Package', NULL),
	(68, 'New Package', NULL),
	(69, 'New Package', NULL),
	(70, 'New Package', NULL),
	(71, 'New Package', NULL),
	(72, 'New Package', NULL),
	(73, 'New Package', NULL),
	(74, 'New Package', NULL),
	(75, 'New Package', NULL),
	(76, 'New Package', NULL),
	(77, 'Pacage 1', NULL),
	(168, 'New Package New', NULL),
	(170, 'Group Special Chicopee', 11),
	(171, '1 Picture Sale Chicopee', 11),
	(172, 'Special #1 Woodside', 93),
	(173, 'Special #2 Woodside', 93),
	(174, 'Built In TPW', 164),
	(175, 'Package #1 TPW', 164),
	(176, 'Package #2 TPW', 164),
	(177, 'Package #3 TPW', 164),
	(178, 'Mistakes Chicopee', 11),
	(179, 'Mistakes TPW', 164),
	(180, 'Mistakes Woodside', 93),
	(181, 'Free Pictures Woodside', 93),
	(182, 'Birthday Special', 11);
	
	
	INSERT INTO `picture` (`id`, `creation_date`, `picture_name`, `picture_url`, `camera_id`) VALUES
	(1, '2011-04-28 00:22:21', 'picture1', 'img/britishcat_1.JPG', NULL),
	(5, '2011-04-28 00:22:21', 'picture2', 'img/britishcat_2.JPG', NULL),
	(6, '2011-04-04 17:53:01', 'picture3', 'img/britishcat_3.JPG', NULL),
	(7, '2011-04-28 00:22:21', 'picture4', 'img/britishcat_4.JPG', NULL),
	(8, '2011-04-28 00:22:21', 'picture5', 'img/britishcat_1.JPG', NULL),
	(11, '2011-04-04 17:52:03', 'picture8', 'img/03.jpg', NULL),
	(12, '2011-04-04 17:51:50', 'picture9', 'img/04.jpg', NULL),
	(13, '2011-04-04 15:50:53', 'picture10', 'img/05.jpg', NULL),
	(14, '2011-04-04 16:27:09', 'picture11', 'img/06.jpg', NULL),
	(15, '2011-04-04 16:29:35', 'picture12', 'img/07.jpg', NULL),
	(16, '2011-04-28 00:22:22', 'picture13', 'img/08.jpg', NULL),
	(17, '2011-04-28 00:22:22', 'picture14', 'img/09.jpg', NULL),
	(18, '2011-04-04 16:27:09', 'picture15', 'img/10.jpg', NULL),
	(19, '2011-04-04 16:29:35', 'picture16', 'img/11.jpg', NULL),
	(962, '2011-05-05 20:09:17', '2011-05-05 20.09.17.jpg', 'img/2011-05-05 20.09.17.jpg', NULL),
	(963, '2011-05-05 20:10:39', '2011-05-05 20.10.39.jpg', 'img/2011-05-05 20.10.39.jpg', NULL),
	(964, '2011-05-05 20:11:38', '2011-05-05 20.11.38.jpg', 'img/2011-05-05 20.11.38.jpg', NULL),
	(965, '2011-05-05 20:12:02', '2011-05-05 20.12.02.jpg', 'img/2011-05-05 20.12.02.jpg', NULL),
	(966, '2011-05-05 20:11:51', '2011-05-05 20.11.51.jpg', 'img/2011-05-05 20.11.51.jpg', NULL),
	(967, '2011-05-05 20:10:30', '2011-05-05 20.10.30.jpg', 'img/2011-05-05 20.10.30.jpg', NULL),
	(968, '2011-05-05 20:11:12', '2011-05-05 20.11.12.jpg', 'img/2011-05-05 20.11.12.jpg', NULL),
	(969, '2011-05-05 20:11:01', '2011-05-05 20.11.01.jpg', 'img/2011-05-05 20.11.01.jpg', NULL),
	(972, '2011-05-05 20:24:23', '2011-05-05 20.24.23.jpg', 'img/2011-05-05 20.24.23.jpg', NULL),
	(973, '2011-05-05 20:24:34', '2011-05-05 20.24.34.jpg', 'img/2011-05-05 20.24.34.jpg', NULL),
	(974, '2011-05-05 20:24:43', '2011-05-05 20.24.43.jpg', 'img/2011-05-05 20.24.43.jpg', NULL),
	(975, '2011-05-05 20:25:05', '2011-05-05 20.25.05.jpg', 'img/2011-05-05 20.25.05.jpg', NULL),
	(976, '2011-05-05 20:24:54', '2011-05-05 20.24.54.jpg', 'img/2011-05-05 20.24.54.jpg', NULL),
	(977, '2011-05-05 20:24:48', '2011-05-05 20.24.48.jpg', 'img/2011-05-05 20.24.48.jpg', NULL),
	(978, '2011-05-05 20:25:00', '2011-05-05 20.25.00.jpg', 'img/2011-05-05 20.25.00.jpg', NULL),
	(979, '2011-05-05 20:25:18', '2011-05-05 20.25.18.jpg', 'img/2011-05-05 20.25.18.jpg', NULL),
	(980, '2011-05-05 20:25:09', '2011-05-05 20.25.09.jpg', 'img/2011-05-05 20.25.09.jpg', NULL),
	(981, '2011-05-05 20:26:12', '2011-05-05 20.26.12.jpg', 'img/2011-05-05 20.26.12.jpg', NULL),
	(982, '2011-05-05 20:26:18', '2011-05-05 20.26.18.jpg', 'img/2011-05-05 20.26.18.jpg', NULL),
	(983, '2011-05-05 20:26:49', '2011-05-05 20.26.49.jpg', 'img/2011-05-05 20.26.49.jpg', NULL),
	(984, '2011-05-05 20:26:42', '2011-05-05 20.26.42.jpg', 'img/2011-05-05 20.26.42.jpg', NULL),
	(985, '2011-05-05 20:26:37', '2011-05-05 20.26.37.jpg', 'img/2011-05-05 20.26.37.jpg', NULL),
	(986, '2011-05-05 20:35:34', '2011-05-05 20.35.34.jpg', 'img/2011-05-05 20.35.34.jpg', NULL),
	(987, '2011-05-05 20:35:42', '2011-05-05 20.35.42.jpg', 'img/2011-05-05 20.35.42.jpg', NULL),
	(988, '2011-05-05 20:35:56', '2011-05-05 20.35.56.jpg', 'img/2011-05-05 20.35.56.jpg', NULL),
	(989, '2011-05-06 13:05:56', '2011-05-06 13.05.56.jpg', 'img/2011-05-06 13.05.56.jpg', NULL),
	(990, '2011-05-06 13:05:38', '2011-05-06 13.05.38.jpg', 'img/2011-05-06 13.05.38.jpg', NULL),
	(991, '2011-05-06 13:08:48', '2011-05-06 13.08.48.jpg', 'img/2011-05-06 13.08.48.jpg', NULL),
	(992, '2011-05-06 04:25:08', '2011-05-06 13.08.54.jpg', 'img/2011-05-06 13.08.54.jpg', NULL),
	(993, '2011-05-06 13:09:07', '2011-05-06 13.09.07.jpg', 'img/2011-05-06 13.09.07.jpg', NULL),
	(994, '2011-05-06 13:09:18', '2011-05-06 13.09.18.jpg', 'img/2011-05-06 13.09.18.jpg', NULL),
	(995, '2011-05-06 13:18:22', '2011-05-06 13.18.22.jpg', 'img/2011-05-06 13.18.22.jpg', NULL),
	(996, '2011-05-06 13:23:06', '2011-05-06 13.23.06.jpg', 'img/2011-05-06 13.23.06.jpg', NULL),
	(997, '2011-05-06 13:24:24', '2011-05-06 13.24.24.jpg', 'img/2011-05-06 13.24.24.jpg', NULL),
	(998, '2011-05-06 13:56:10', '2011-05-06 13.56.10.jpg', 'img/2011-05-06 13.56.10.jpg', NULL),
	(999, '2011-05-06 13:57:09', '2011-05-06 13.57.09.jpg', 'img/2011-05-06 13.57.09.jpg', NULL),
	(1000, '2011-05-06 13:57:27', '2011-05-06 13.57.27.jpg', 'img/2011-05-06 13.57.27.jpg', NULL),
	(1002, '2011-05-06 13:57:21', '2011-05-06 13.57.21.jpg', 'img/2011-05-06 13.57.21.jpg', NULL),
	(1003, '2011-05-06 13:57:36', '2011-05-06 13.57.36.jpg', 'img/2011-05-06 13.57.36.jpg', NULL),
	(1004, '2011-05-06 13:58:44', '2011-05-06 13.58.44.jpg', 'img/2011-05-06 13.58.44.jpg', NULL),
	(1005, '2011-05-06 14:00:14', '2011-05-06 14.00.14.jpg', 'img/2011-05-06 14.00.14.jpg', NULL),
	(1006, '2011-05-06 14:00:23', '2011-05-06 14.00.23.jpg', 'img/2011-05-06 14.00.23.jpg', NULL),
	(1007, '2011-05-06 14:00:18', '2011-05-06 14.00.18.jpg', 'img/2011-05-06 14.00.18.jpg', NULL),
	(1008, '2011-05-06 14:02:47', '2011-05-06 14.02.47.jpg', 'img/2011-05-06 14.02.47.jpg', NULL),
	(1010, '2011-05-06 14:07:03', '2011-05-06 14.07.03.jpg', 'img/2011-05-06 14.07.03.jpg', NULL),
	(1011, '2011-05-06 14:10:17', '2011-05-06 14.10.17.jpg', 'img/2011-05-06 14.10.17.jpg', NULL),
	(1035, '2011-05-06 18:47:48', '2011-05-06 18.47.48.jpg', 'img/2011-05-06 18.47.48.jpg', NULL),
	(1036, '2011-05-06 18:48:58', '2011-05-06 18.48.58.jpg', 'img/2011-05-06 18.48.58.jpg', NULL),
	(1037, '2011-05-06 18:49:35', '2011-05-06 18.49.35.jpg', 'img/2011-05-06 18.49.35.jpg', NULL),
	(1038, '2011-05-06 18:49:29', '2011-05-06 18.49.29.jpg', 'img/2011-05-06 18.49.29.jpg', NULL),
	(1132, '2011-05-07 16:09:22', '2011-05-07_19-09-09_4.jpg', 'img/2011-05-07_19-09-09_4.jpg', NULL),
	(1134, '2011-05-07 16:12:27', '2011-05-07_19-12-08_784.jpg', 'img/2011-05-07_19-12-08_784.jpg', NULL),
	(1136, '2011-05-07 16:17:38', '2011-05-07_19-17-26_596.jpg', 'img/2011-05-07_19-17-26_596.jpg', NULL),
	(1277, '2011-05-10 01:00:00', 'sqwirrel.jpg', 'img/sqwirrel-10.05.2011 01-00.jpg', NULL),
	(1475, '2011-05-15 18:15:26', '2011-05-15_21-18-41_275.jpg', 'img/2011-05-15_21-18-41_275.jpg', 86),
	(1476, '2011-05-15 18:32:55', '2011-05-15_21-36-15_551.jpg', 'img/2011-05-15_21-36-15_551.jpg', 86),
	(1477, '2011-05-18 06:09:46', '2011-05-18_09-13-49_927.jpg', 'img/2011-05-18_09-13-49_927.jpg', 88),
	(1478, '2011-05-18 06:10:17', '2011-05-18_09-14-05_591.jpg', 'img/2011-05-18_09-14-05_591.jpg', 88),
	(1479, '2011-05-18 06:10:32', '2011-05-18_09-14-00_562.jpg', 'img/2011-05-18_09-14-00_562.jpg', 88),
	(1480, '2011-05-18 06:10:50', '2011-05-18_09-14-10_133.jpg', 'img/2011-05-18_09-14-10_133.jpg', 88),
	(1493, '2011-05-18 11:55:34', '2011-05-18_14-54-14_866.jpg', 'img/2011-05-18_14-54-14_866.jpg', 87),
	(1494, '2011-05-18 11:55:45', '2011-05-18_14-54-47_859.jpg', 'img/2011-05-18_14-54-47_859.jpg', 87),
	(1495, '2011-05-18 11:55:56', '2011-05-18_14-49-49_508.jpg', 'img/2011-05-18_14-49-49_508.jpg', 88),
	(1496, '2011-05-18 11:56:07', '2011-05-18_14-49-47_155.jpg', 'img/2011-05-18_14-49-47_155.jpg', 88),
	(1497, '2011-05-18 11:56:21', '2011-05-18_14-52-02_1.jpg', 'img/2011-05-18_14-52-02_1.jpg', 88),
	(1498, '2011-05-18 11:56:32', '2011-05-18_14-49-43_385.jpg', 'img/2011-05-18_14-49-43_385.jpg', 88),
	(1499, '2011-05-18 11:56:43', '2011-05-18_14-50-53_468.jpg', 'img/2011-05-18_14-50-53_468.jpg', 88),
	(1500, '2011-05-18 11:56:55', '2011-05-18_14-54-52_416.jpg', 'img/2011-05-18_14-54-52_416.jpg', 88),
	(1503, '2011-05-18 11:58:17', '2011-05-18_14-54-02_639.jpg', 'img/2011-05-18_14-54-02_639.jpg', 88),
	(1504, '2011-05-18 11:59:00', '2011-05-18_14-57-57_468.jpg', 'img/2011-05-18_14-57-57_468.jpg', 88),
	(1505, '2011-05-18 11:59:42', '2011-05-18_14-58-00_258.jpg', 'img/2011-05-18_14-58-00_258.jpg', 88),
	(1507, '2011-05-18 17:27:27', '2011-05-18_14-51-35_460.jpg', 'img/2011-05-18_14-51-35_460.jpg', 88),
	(1508, '2011-05-18 17:27:41', '2011-05-18_14-49-02_359.jpg', 'img/2011-05-18_14-49-02_359.jpg', 88),
	(1509, '2011-05-18 17:27:53', '2011-05-18_14-49-05_612.jpg', 'img/2011-05-18_14-49-05_612.jpg', 88),
	(1510, '2011-05-18 19:27:48', '2011-05-18_22-31-51_539.jpg', 'img/2011-05-18_22-31-51_539.jpg', 88),
	(1511, '2011-05-18 19:28:19', '2011-05-18_22-32-21_429.jpg', 'img/2011-05-18_22-32-21_429.jpg', 88),
	(1512, '2011-05-18 19:54:50', '2011-05-18_22-58-54_551.jpg', 'img/2011-05-18_22-58-54_551.jpg', 88),
	(1513, '2011-05-18 19:55:20', '2011-05-18_22-59-03_343.jpg', 'img/2011-05-18_22-59-03_343.jpg', 88),
	(1514, '2011-05-18 19:57:19', '2011-05-18_23-00-58_202.jpg', 'img/2011-05-18_23-00-58_202.jpg', 88),
	(1515, '2011-05-18 20:08:48', '2011-05-18_23-12-35_382.jpg', 'img/2011-05-18_23-12-35_382.jpg', 88),
	(1516, '2011-05-18 20:09:50', '2011-05-18_23-13-31_488.jpg', 'img/2011-05-18_23-13-31_488.jpg', 88),
	(1517, '2011-05-18 20:20:19', '2011-05-18_23-24-26_511.jpg', 'img/2011-05-18_23-24-26_511.jpg', 33),
	(1546, '2011-05-19 08:53:41', '2011-05-19_11-53-41_468.jpg', 'img/2011-05-19_11-53-41_468.jpg', 31),
	(1547, '2011-05-19 08:53:49', '2011-05-19_11-53-49_327.jpg', 'img/2011-05-19_11-53-49_327.jpg', 31),
	(1548, '2011-05-19 07:54:13', '2011-05-19_10-54-12_944.jpg', 'img/2011-05-19_10-54-12_944.jpg', 32),
	(1549, '2011-05-19 07:54:09', '2011-05-19_10-54-09_190.jpg', 'img/2011-05-19_10-54-09_190.jpg', 32),
	(1550, '2011-05-18 13:28:42', '2011-05-18_20-28-43_284.jpg', 'img/2011-05-18_20-28-43_284.jpg', 33),
	(1551, '2011-05-18 13:28:50', '2011-05-18_20-28-51_687.jpg', 'img/2011-05-18_20-28-51_687.jpg', 31),
	(1552, '2011-05-19 08:58:17', '2011-05-19_11-58-16_590.jpg', 'img/2011-05-19_11-58-16_590.jpg', 31),
	(1553, '2011-05-19 09:04:05', '2011-05-19_12-04-04_979.jpg', 'img/2011-05-19_12-04-04_979.jpg', 34),
	(1554, '2011-05-19 09:07:35', '2011-05-19_12-07-35_40.jpg', 'img/2011-05-19_12-07-35_40.jpg', 90),
	(1556, '2011-05-19 09:19:37', '2011-05-19_12-19-36_749.jpg', 'img/2011-05-19_12-19-36_749.jpg', 91),
	(1557, '2011-05-19 11:08:26', '2011-05-19_14-08-26_236.jpg', 'img/2011-05-19_14-08-26_236.jpg', 31),
	(1558, '2011-05-19 11:08:33', '2011-05-19_14-08-33_133.jpg', 'img/2011-05-19_14-08-33_133.jpg', 31),
	(1559, '2011-05-19 11:08:20', '2011-05-19_14-08-19_600.jpg', 'img/2011-05-19_14-08-19_600.jpg', 31),
	(1560, '2011-05-19 11:46:10', '2011-05-19_14-46-10_22.jpg', 'img/2011-05-19_14-46-10_22.jpg', 31),
	(1561, '2011-05-19 16:24:01', '2011-05-19_19-24-01_527.jpg', 'img/2011-05-19_19-24-01_527.jpg', 91),
	(1562, '2011-05-19 16:27:00', '2011-05-19_19-27-00_5.jpg', 'img/2011-05-19_19-27-00_5.jpg', 91),
	(1567, '2011-05-19 16:16:26', '2011-05-19_19-16-25_778.jpg', 'img/2011-05-19_19-16-25_778.jpg', 85),
	(1568, '2011-05-19 16:25:50', '2011-05-19_19-25-49_780.jpg', 'img/2011-05-19_19-25-49_780.jpg', 85),
	(1569, '2011-05-19 17:00:18', '2011-05-19_20-00-18_123.jpg', 'img/2011-05-19_20-00-18_123.jpg', 85),
	(1570, '2011-05-19 17:00:53', '2011-05-19_20-00-52_864.jpg', 'img/2011-05-19_20-00-52_864.jpg', 85),
	(1571, '2011-05-19 17:00:33', '2011-05-19_20-00-32_915.jpg', 'img/2011-05-19_20-00-32_915.jpg', 85),
	(1572, '2011-05-19 17:00:06', '2011-05-19_20-00-06_374.jpg', 'img/2011-05-19_20-00-06_374.jpg', 85),
	(1573, '2011-05-19 17:00:45', '2011-05-19_20-00-45_440.jpg', 'img/2011-05-19_20-00-45_440.jpg', 85),
	(1574, '2011-05-19 17:01:32', '2011-05-19_20-01-31_907.jpg', 'img/2011-05-19_20-01-31_907.jpg', 85),
	(1575, '2011-05-19 17:01:04', '2011-05-19_20-01-04_505.jpg', 'img/2011-05-19_20-01-04_505.jpg', 85),
	(1577, '2011-05-19 16:16:47', '2011-05-19_19-16-47_596.jpg', 'img/2011-05-19_19-16-47_596.jpg', 83),
	(1583, '2011-05-19 16:16:37', '2011-05-19_19-16-36_499.jpg', 'img/2011-05-19_19-16-36_499.jpg', 83),
	(1587, '2011-05-19 16:25:46', '2011-05-19_19-25-46_578.jpg', 'img/2011-05-19_19-25-46_578.jpg', 90),
	(1588, '2011-05-19 16:25:14', '2011-05-19_19-25-14_760.jpg', 'img/2011-05-19_19-25-14_760.jpg', 90),
	(1589, '2011-05-19 16:16:27', '2011-05-19_19-16-26_315.jpg', 'img/2011-05-19_19-16-26_315.jpg', 90),
	(1591, '2011-05-19 16:26:23', '2011-05-19_19-26-23_124.jpg', 'img/2011-05-19_19-26-23_124.jpg', 31),
	(1592, '2011-05-19 16:18:59', '2011-05-19_19-18-59_234.jpg', 'img/2011-05-19_19-18-59_234.jpg', 31),
	(1593, '2011-05-19 16:16:45', '2011-05-19_19-16-45_10.jpg', 'img/2011-05-19_19-16-45_10.jpg', 31),
	(1594, '2011-05-19 16:24:09', '2011-05-19_19-24-09_226.jpg', 'img/2011-05-19_19-24-09_226.jpg', 31),
	(1595, '2011-05-19 16:23:54', '2011-05-19_19-23-53_913.jpg', 'img/2011-05-19_19-23-53_913.jpg', 31),
	(1596, '2011-05-19 16:27:53', '2011-05-19_19-27-53_405.jpg', 'img/2011-05-19_19-27-53_405.jpg', 31),
	(1597, '2011-05-19 16:25:07', '2011-05-19_19-25-07_734.jpg', 'img/2011-05-19_19-25-07_734.jpg', 31),
	(1598, '2011-05-19 16:27:05', '2011-05-19_19-27-04_668.jpg', 'img/2011-05-19_19-27-04_668.jpg', 31),
	(1599, '2011-05-19 16:16:37', '2011-05-19_19-16-36_126.jpg', 'img/2011-05-19_19-16-36_126.jpg', 31),
	(1600, '2011-05-19 16:16:52', '2011-05-19_19-16-52_750.jpg', 'img/2011-05-19_19-16-52_750.jpg', 31),
	(1601, '2011-05-20 12:12:48', '2011-05-20_15-12-48_302.jpg', 'img/2011-05-20_15-12-48_302.jpg', 31),
	(1602, '2011-05-20 12:12:38', '2011-05-20_15-12-38_159.jpg', 'img/2011-05-20_15-12-38_159.jpg', 31),
	(1603, '2011-05-20 12:13:17', '2011-05-20_15-13-17_54.jpg', 'img/2011-05-20_15-13-17_54.jpg', 31),
	(1604, '2011-05-20 12:14:27', '2011-05-20_15-14-27_363.jpg', 'img/2011-05-20_15-14-27_363.jpg', 31),
	(1605, '2011-05-20 12:14:34', '2011-05-20_15-14-33_889.jpg', 'img/2011-05-20_15-14-33_889.jpg', 31),
	(1606, '2011-05-20 12:15:09', '2011-05-20_15-15-09_140.jpg', 'img/2011-05-20_15-15-09_140.jpg', 31),
	(1607, '2011-05-20 12:14:48', '2011-05-20_15-14-48_320.jpg', 'img/2011-05-20_15-14-48_320.jpg', 31),
	(1608, '2011-05-20 12:15:19', '2011-05-20_15-15-18_998.jpg', 'img/2011-05-20_15-15-18_998.jpg', 31),
	(1609, '2011-05-20 12:16:59', '2011-05-20_15-16-59_77.jpg', 'img/2011-05-20_15-16-59_77.jpg', 31),
	(1610, '2011-05-20 12:16:54', '2011-05-20_15-16-54_265.jpg', 'img/2011-05-20_15-16-54_265.jpg', 31),
	(1611, '2011-05-20 12:20:43', '2011-05-20_15-20-43_62.jpg', 'img/2011-05-20_15-20-43_62.jpg', 31),
	(1612, '2011-05-20 12:22:05', '2011-05-20_15-22-05_130.jpg', 'img/2011-05-20_15-22-05_130.jpg', 31),
	(1613, '2011-05-20 12:25:04', '2011-05-20_15-25-04_478.jpg', 'img/2011-05-20_15-25-04_478.jpg', 31),
	(1614, '2011-05-20 12:26:55', '2011-05-20_15-26-55_25.jpg', 'img/2011-05-20_15-26-55_25.jpg', 31),
	(1615, '2011-05-20 12:27:06', '2011-05-20_15-27-05_874.jpg', 'img/2011-05-20_15-27-05_874.jpg', 31),
	(1616, '2011-05-20 12:27:28', '2011-05-20_15-27-27_796.jpg', 'img/2011-05-20_15-27-27_796.jpg', 31),
	(1617, '2011-05-20 12:28:21', '2011-05-20_15-28-21_131.jpg', 'img/2011-05-20_15-28-21_131.jpg', 31),
	(1618, '2011-05-20 12:29:26', '2011-05-20_15-29-25_913.jpg', 'img/2011-05-20_15-29-25_913.jpg', 31),
	(1619, '2011-05-20 12:38:29', '2011-05-20_15-38-29_66.jpg', 'img/2011-05-20_15-38-29_66.jpg', 31),
	(1620, '2011-05-20 12:13:14', '2011-05-20_15-13-14_336.jpg', 'img/2011-05-20_15-13-14_336.jpg', 31),
	(1621, '2011-05-19 16:24:30', '2011-05-19_19-24-30_109.jpg', 'img/2011-05-19_19-24-30_109.jpg', 31),
	(1622, '2011-05-20 12:13:58', '2011-05-20_15-13-58_432.jpg', 'img/2011-05-20_15-13-58_432.jpg', 31),
	(1623, '2011-05-20 12:13:08', '2011-05-20_15-13-08_476.jpg', 'img/2011-05-20_15-13-08_476.jpg', 31),
	(1624, '2011-05-20 12:13:40', '2011-05-20_15-13-40_656.jpg', 'img/2011-05-20_15-13-40_656.jpg', 31),
	(1625, '2011-05-20 12:13:27', '2011-05-20_15-13-26_682.jpg', 'img/2011-05-20_15-13-26_682.jpg', 31),
	(1626, '2011-05-20 12:14:16', '2011-05-20_15-14-16_240.jpg', 'img/2011-05-20_15-14-16_240.jpg', 31),
	(1627, '2011-05-19 16:17:12', '2011-05-19_19-17-12_124.jpg', 'img/2011-05-19_19-17-12_124.jpg', 31),
	(1628, '2011-05-20 12:28:11', '2011-05-20_15-28-10_843.jpg', 'img/2011-05-20_15-28-10_843.jpg', 32),
	(1629, '2011-05-20 12:14:02', '2011-05-20_15-14-02_379.jpg', 'img/2011-05-20_15-14-02_379.jpg', 31),
	(1630, '2011-05-19 16:16:23', '2011-05-19_19-16-22_177.jpg', 'img/2011-05-19_19-16-22_177.jpg', 32),
	(1631, '2011-05-20 12:13:22', '2011-05-20_15-13-22_475.jpg', 'img/2011-05-20_15-13-22_475.jpg', 31),
	(1632, '2011-05-20 12:13:55', '2011-05-20_15-13-55_616.jpg', 'img/2011-05-20_15-13-55_616.jpg', 32),
	(1633, '2011-05-20 12:15:48', '2011-05-20_15-15-48_86.jpg', 'img/2011-05-20_15-15-48_86.jpg', 31),
	(1634, '2011-05-19 16:24:24', '2011-05-19_19-24-23_640.jpg', 'img/2011-05-19_19-24-23_640.jpg', 32),
	(1635, '2011-05-20 12:14:06', '2011-05-20_15-14-06_396.jpg', 'img/2011-05-20_15-14-06_396.jpg', 31),
	(1636, '2011-05-20 12:17:43', '2011-05-20_15-17-42_783.jpg', 'img/2011-05-20_15-17-42_783.jpg', 32),
	(1637, '2011-05-20 12:13:35', '2011-05-20_15-13-35_352.jpg', 'img/2011-05-20_15-13-35_352.jpg', 31),
	(1638, '2011-05-20 12:21:21', '2011-05-20_15-21-20_792.jpg', 'img/2011-05-20_15-21-20_792.jpg', 32),
	(1639, '2011-05-20 12:40:24', '2011-05-20_15-40-24_330.jpg', 'img/2011-05-20_15-40-24_330.jpg', 31),
	(1640, '2011-05-19 16:24:41', '2011-05-19_19-24-41_472.jpg', 'img/2011-05-19_19-24-41_472.jpg', 32),
	(1641, '2011-05-20 12:13:40', '2011-05-20_15-13-39_241.jpg', 'img/2011-05-20_15-13-39_241.jpg', 32),
	(1642, '2011-05-19 16:24:33', '2011-05-19_19-24-32_800.jpg', 'img/2011-05-19_19-24-32_800.jpg', 32),
	(1643, '2011-05-19 16:17:29', '2011-05-19_19-17-29_566.jpg', 'img/2011-05-19_19-17-29_566.jpg', 32),
	(1644, '2011-05-20 12:17:59', '2011-05-20_15-17-58_987.jpg', 'img/2011-05-20_15-17-58_987.jpg', 32),
	(1645, '2011-05-20 12:13:09', '2011-05-20_15-13-08_903.jpg', 'img/2011-05-20_15-13-08_903.jpg', 90),
	(1646, '2011-05-20 12:13:43', '2011-05-20_15-13-43_234.jpg', 'img/2011-05-20_15-13-43_234.jpg', 32),
	(1647, '2011-05-20 12:13:16', '2011-05-20_15-13-15_387.jpg', 'img/2011-05-20_15-13-15_387.jpg', 90),
	(1648, '2011-05-20 12:48:21', '2011-05-20_15-48-20_802.jpg', 'img/2011-05-20_15-48-20_802.jpg', 33),
	(1649, '2011-05-20 12:13:53', '2011-05-20_15-13-53_215.jpg', 'img/2011-05-20_15-13-53_215.jpg', 91),
	(1650, '2011-05-20 12:13:49', '2011-05-20_15-13-49_195.jpg', 'img/2011-05-20_15-13-49_195.jpg', 32),
	(1651, '2011-05-20 12:42:04', '2011-05-20_15-42-03_413.jpg', 'img/2011-05-20_15-42-03_413.jpg', 32),
	(1652, '2011-05-20 12:27:54', '2011-05-20_15-27-54_333.jpg', 'img/2011-05-20_15-27-54_333.jpg', 32),
	(1653, '2011-05-20 13:41:41', '2011-05-20_16-41-41_405.jpg', 'img/2011-05-20_16-41-41_405.jpg', 32),
	(1654, '2011-05-20 08:16:36', '2011-05-20_15-16-35_801.jpg', 'img/2011-05-20_15-16-35_801.jpg', 31),
	(1655, '2011-05-20 13:20:33', '2011-05-20_16-20-32_796.jpg', 'img/2011-05-20_16-20-32_796.jpg', 31),
	(1656, '2011-05-20 08:44:02', '2011-05-20_15-44-03_441.jpg', 'img/2011-05-20_15-44-03_441.jpg', 31),
	(1657, '2011-05-20 08:20:00', '2011-05-20_15-20-01_499.jpg', 'img/2011-05-20_15-20-01_499.jpg', 31),
	(1658, '2011-05-20 13:24:16', '2011-05-20_16-24-16_454.jpg', 'img/2011-05-20_16-24-16_454.jpg', 31),
	(1659, '2011-05-20 12:13:19', '2011-05-20_15-13-19_78.jpg', 'img/2011-05-20_15-13-19_78.jpg', 90),
	(1660, '2011-05-20 13:20:12', '2011-05-20_16-20-12_294.jpg', 'img/2011-05-20_16-20-12_294.jpg', 31),
	(1661, '2011-05-20 12:24:13', '2011-05-20_15-24-13_541.jpg', 'img/2011-05-20_15-24-13_541.jpg', 90),
	(1662, '2011-05-20 12:12:59', '2011-05-20_15-12-58_847.jpg', 'img/2011-05-20_15-12-58_847.jpg', 91),
	(1663, '2011-05-20 13:23:34', '2011-05-20_16-23-34_578.jpg', 'img/2011-05-20_16-23-34_578.jpg', 31),
	(1664, '2011-05-20 12:30:40', '2011-05-20_15-30-39_663.jpg', 'img/2011-05-20_15-30-39_663.jpg', 91),
	(1665, '2011-05-20 12:13:53', '2011-05-20_15-13-53_46.jpg', 'img/2011-05-20_15-13-53_46.jpg', 90),
	(1666, '2011-05-20 12:13:14', '2011-05-20_15-13-14_472.jpg', 'img/2011-05-20_15-13-14_472.jpg', 91),
	(1667, '2011-05-20 12:12:31', '2011-05-20_15-12-30_808.jpg', 'img/2011-05-20_15-12-30_808.jpg', 90),
	(1668, '2011-05-20 12:31:00', '2011-05-20_15-31-00_666.jpg', 'img/2011-05-20_15-31-00_666.jpg', 91),
	(1669, '2011-05-20 12:30:49', '2011-05-20_15-30-49_440.jpg', 'img/2011-05-20_15-30-49_440.jpg', 91),
	(1670, '2011-05-20 12:12:47', '2011-05-20_15-12-46_960.jpg', 'img/2011-05-20_15-12-46_960.jpg', 91),
	(1671, '2011-05-20 12:13:36', '2011-05-20_15-13-36_116.jpg', 'img/2011-05-20_15-13-36_116.jpg', 91),
	(1672, '2011-05-20 14:38:36', '2011-05-20_17-38-35_461.jpg', 'img/2011-05-20_17-38-35_461.jpg', 31),
	(1673, '2011-05-16 08:58:08', '2011-05-16_11-58-09_101.jpg', 'img/2011-05-16_11-58-09_101.jpg', 86),
	(1674, '2011-05-16 08:57:16', '2011-05-16_11-57-17_667.jpg', 'img/2011-05-16_11-57-17_667.jpg', 87),
	(1675, '2011-05-16 04:57:22', '2011-05-16_11-57-21_859.jpg', 'img/2011-05-16_11-57-21_859.jpg', 87),
	(1676, '2011-05-20 16:30:36', '2011-05-20_19-30-35_945.jpg', 'img/2011-05-20_19-30-35_945.jpg', 87),
	(1677, '2011-05-20 16:27:58', '2011-05-20_19-27-57_968.jpg', 'img/2011-05-20_19-27-57_968.jpg', 86),
	(1678, '2011-05-20 16:56:08', '2011-05-20_19-56-08_530.jpg', 'img/2011-05-20_19-56-08_530.jpg', 86),
	(1679, '2011-05-20 17:09:05', '2011-05-20_20-09-05_280.jpg', 'img/2011-05-20_20-09-05_280.jpg', 86),
	(1680, '2011-05-20 16:56:24', '2011-05-20_19-56-24_186.jpg', 'img/2011-05-20_19-56-24_186.jpg', 86),
	(1681, '2011-05-20 17:09:10', '2011-05-20_20-09-09_899.jpg', 'img/2011-05-20_20-09-09_899.jpg', 86),
	(1682, '2011-05-20 17:12:52', '2011-05-20_20-12-51_757.jpg', 'img/2011-05-20_20-12-51_757.jpg', 86),
	(1683, '2011-05-19 16:32:06', '2011-05-19_19-32-06_376.jpg', 'img/2011-05-19_19-32-06_376.jpg', 34),
	(1684, '2011-05-21 07:33:54', '2011-05-21_10-33-54_281.jpg', 'img/2011-05-21_10-33-54_281.jpg', 33),
	(1685, '2011-05-21 07:38:03', '2011-05-21_10-38-02_890.jpg', 'img/2011-05-21_10-38-02_890.jpg', 90),
	(1686, '2011-05-21 07:40:25', '2011-05-21_10-40-24_438.jpg', 'img/2011-05-21_10-40-24_438.jpg', 91),
	(1687, '2011-05-21 07:41:06', '2011-05-21_10-41-06_235.jpg', 'img/2011-05-21_10-41-06_235.jpg', 31),
	(1688, '2011-05-20 14:01:17', '2011-05-20_17-01-17_249.jpg', 'img/2011-05-20_17-01-17_249.jpg', 32),
	(1689, '2011-05-21 07:50:55', '2011-05-21_10-50-55_162.jpg', 'img/2011-05-21_10-50-55_162.jpg', 31),
	(1690, '2011-05-21 07:47:58', '2011-05-21_10-47-58_132.jpg', 'img/2011-05-21_10-47-58_132.jpg', 90),
	(1692, '2011-05-21 09:07:54', '2011-05-21_12-07-54_289.jpg', 'img/2011-05-21_12-07-54_289.jpg', 31),
	(1693, '2011-05-21 09:09:16', '2011-05-21_12-09-16_499.jpg', 'img/2011-05-21_12-09-16_499.jpg', 31),
	(1694, '2011-05-21 09:08:35', '2011-05-21_12-08-35_304.jpg', 'img/2011-05-21_12-08-35_304.jpg', 31),
	(1695, '2011-05-21 09:31:58', '2011-05-21_12-31-58_651.jpg', 'img/2011-05-21_12-31-58_651.jpg', 31),
	(1696, '2011-05-21 10:16:55', '2011-05-21_13-16-54_265.jpg', 'img/2011-05-21_13-16-54_265.jpg', 31),
	(1698, '2011-05-21 10:18:44', '2011-05-21_13-18-44_81.jpg', 'img/2011-05-21_13-18-44_81.jpg', 34),
	(1699, '2011-05-20 13:47:52', '2011-05-20_16-47-52_577.jpg', 'img/2011-05-20_16-47-52_577.jpg', 32),
	(1700, '2011-05-21 07:39:55', '2011-05-21_10-39-55_504.jpg', 'img/2011-05-21_10-39-55_504.jpg', 33),
	(1701, '2011-05-20 14:01:08', '2011-05-20_17-01-08_127.jpg', 'img/2011-05-20_17-01-08_127.jpg', 32),
	(1702, '2011-05-21 07:49:15', '2011-05-21_10-49-15_440.jpg', 'img/2011-05-21_10-49-15_440.jpg', 33),
	(1703, '2011-05-21 07:53:20', '2011-05-21_10-53-20_257.jpg', 'img/2011-05-21_10-53-20_257.jpg', 32),
	(1704, '2011-05-21 07:43:45', '2011-05-21_10-43-45_325.jpg', 'img/2011-05-21_10-43-45_325.jpg', 32),
	(1705, '2011-05-20 12:48:36', '2011-05-20_19-48-37_211.jpg', 'img/2011-05-20_19-48-37_211.jpg', 86),
	(1706, '2011-05-20 12:49:10', '2011-05-20_19-49-09_905.jpg', 'img/2011-05-20_19-49-09_905.jpg', 86),
	(1707, '2011-05-20 16:40:40', '2011-05-20_19-40-40_552.jpg', 'img/2011-05-20_19-40-40_552.jpg', 87),
	(1708, '2011-05-20 16:30:33', '2011-05-20_19-30-32_445.jpg', 'img/2011-05-20_19-30-32_445.jpg', 87),
	(1709, '2011-05-16 09:00:46', '2011-05-16_12-00-47_28.jpg', 'img/2011-05-16_12-00-47_28.jpg', 87),
	(1710, '2011-05-20 16:42:51', '2011-05-20_19-42-51_528.jpg', 'img/2011-05-20_19-42-51_528.jpg', 87),
	(1711, '2011-05-20 16:49:00', '2011-05-20_19-49-00_391.jpg', 'img/2011-05-20_19-49-00_391.jpg', 87),
	(1712, '2011-05-21 13:01:52', '2011-05-21_16-01-52_481.jpg', 'img/2011-05-21_16-01-52_481.jpg', 87),
	(1713, '2011-05-21 12:55:50', '2011-05-21_15-55-50_896.jpg', 'img/2011-05-21_15-55-50_896.jpg', 86),
	(1714, '2011-05-21 12:55:58', '2011-05-21_15-55-58_404.jpg', 'img/2011-05-21_15-55-58_404.jpg', 86),
	(1715, '2011-05-21 12:55:44', '2011-05-21_15-55-44_206.jpg', 'img/2011-05-21_15-55-44_206.jpg', 86),
	(1716, '2011-05-21 12:56:18', '2011-05-21_15-56-18_331.jpg', 'img/2011-05-21_15-56-18_331.jpg', 86),
	(1718, '2011-05-21 13:04:03', '2011-05-21_16-04-02_730.jpg', 'img/2011-05-21_16-04-02_730.jpg', 86),
	(1722, '2011-05-21 13:12:59', '2011-05-21_16-12-58_46.jpg', 'img/2011-05-21_16-12-58_46.jpg', 86),
	(1723, '2011-05-21 13:13:10', '2011-05-21_16-13-10_69.jpg', 'img/2011-05-21_16-13-10_69.jpg', 86),
	(1724, '2011-05-21 13:13:48', '2011-05-21_16-13-48_500.jpg', 'img/2011-05-21_16-13-48_500.jpg', 86),
	(1725, '2011-05-21 13:13:23', '2011-05-21_16-13-23_184.jpg', 'img/2011-05-21_16-13-23_184.jpg', 86),
	(1726, '2011-05-21 13:14:13', '2011-05-21_16-14-12_561.jpg', 'img/2011-05-21_16-14-12_561.jpg', 86),
	(1727, '2011-05-21 13:14:04', '2011-05-21_16-14-04_46.jpg', 'img/2011-05-21_16-14-04_46.jpg', 86),
	(1728, '2011-05-21 13:14:21', '2011-05-21_16-14-21_334.jpg', 'img/2011-05-21_16-14-21_334.jpg', 86),
	(1729, '2011-05-21 13:21:22', '2011-05-21_16-21-22_272.jpg', 'img/2011-05-21_16-21-22_272.jpg', 87),
	(1730, '2011-05-21 13:21:55', '2011-05-21_16-21-54_720.jpg', 'img/2011-05-21_16-21-54_720.jpg', 87),
	(1731, '2011-05-21 13:22:03', '2011-05-21_16-22-03_199.jpg', 'img/2011-05-21_16-22-03_199.jpg', 87),
	(1732, '2011-05-21 13:22:53', '2011-05-21_16-22-53_116.jpg', 'img/2011-05-21_16-22-53_116.jpg', 87),
	(1733, '2011-05-21 13:23:18', '2011-05-21_16-23-18_609.jpg', 'img/2011-05-21_16-23-18_609.jpg', 87),
	(1734, '2011-05-21 13:22:29', '2011-05-21_16-22-29_187.jpg', 'img/2011-05-21_16-22-29_187.jpg', 87),
	(1735, '2011-05-21 13:21:50', '2011-05-21_16-21-49_821.jpg', 'img/2011-05-21_16-21-49_821.jpg', 87),
	(1736, '2011-05-21 13:22:09', '2011-05-21_16-22-08_745.jpg', 'img/2011-05-21_16-22-08_745.jpg', 87),
	(1737, '2011-05-21 13:21:37', '2011-05-21_16-21-36_928.jpg', 'img/2011-05-21_16-21-36_928.jpg', 87),
	(1738, '2011-05-21 13:22:46', '2011-05-21_16-22-46_253.jpg', 'img/2011-05-21_16-22-46_253.jpg', 87),
	(1739, '2011-05-21 13:23:14', '2011-05-21_16-23-14_39.jpg', 'img/2011-05-21_16-23-14_39.jpg', 87),
	(1740, '2011-05-21 13:22:35', '2011-05-21_16-22-35_523.jpg', 'img/2011-05-21_16-22-35_523.jpg', 87),
	(1741, '2011-05-21 13:21:42', '2011-05-21_16-21-42_264.jpg', 'img/2011-05-21_16-21-42_264.jpg', 87),
	(1742, '2011-05-21 13:23:04', '2011-05-21_16-23-04_518.jpg', 'img/2011-05-21_16-23-04_518.jpg', 87),
	(1743, '2011-05-21 13:23:27', '2011-05-21_16-23-27_376.jpg', 'img/2011-05-21_16-23-27_376.jpg', 87),
	(1744, '2011-05-22 11:15:07', '2011-05-22_14-15-07_71.jpg', 'img/2011-05-22_14-15-07_71.jpg', 87),
	(1745, '2011-05-22 11:15:12', '2011-05-22_14-15-11_937.jpg', 'img/2011-05-22_14-15-11_937.jpg', 87),
	(1746, '2011-05-22 11:15:16', '2011-05-22_14-15-16_538.jpg', 'img/2011-05-22_14-15-16_538.jpg', 87),
	(1747, '2011-05-23 06:27:47', '2011-05-23_09-27-47_398.jpg', 'img/2011-05-23_09-27-47_398.jpg', 91),
	(1748, '2011-05-23 06:27:44', '2011-05-23_09-27-44_413.jpg', 'img/2011-05-23_09-27-44_413.jpg', 91),
	(1749, '2011-05-23 06:27:34', '2011-05-23_09-27-34_127.jpg', 'img/2011-05-23_09-27-34_127.jpg', 91),
	(1750, '2011-05-19 12:26:08', '2011-05-19_19-26-08_927.jpg', 'img/2011-05-19_19-26-08_927.jpg', 34),
	(1751, '2011-05-19 12:31:20', '2011-05-19_19-31-20_536.jpg', 'img/2011-05-19_19-31-20_536.jpg', 34),
	(1752, '2011-05-20 09:44:24', '2011-05-20_16-44-23_711.jpg', 'img/2011-05-20_16-44-23_711.jpg', 34),
	(1753, '2011-05-20 08:13:42', '2011-05-20_15-13-43_67.jpg', 'img/2011-05-20_15-13-43_67.jpg', 34),
	(1754, '2011-05-19 12:33:02', '2011-05-19_19-33-02_449.jpg', 'img/2011-05-19_19-33-02_449.jpg', 34),
	(1755, '2011-05-20 08:12:48', '2011-05-20_15-12-48_959.jpg', 'img/2011-05-20_15-12-48_959.jpg', 34),
	(1756, '2011-05-21 06:03:02', '2011-05-21_13-03-02_962.jpg', 'img/2011-05-21_13-03-02_962.jpg', 34),
	(1757, '2011-05-21 06:12:22', '2011-05-21_13-12-23_572.jpg', 'img/2011-05-21_13-12-23_572.jpg', 34),
	(1758, '2011-05-21 06:13:26', '2011-05-21_13-13-26_234.jpg', 'img/2011-05-21_13-13-26_234.jpg', 34),
	(1759, '2011-05-21 04:51:30', '2011-05-21_11-51-29_764.jpg', 'img/2011-05-21_11-51-29_764.jpg', 34),
	(1760, '2011-05-21 04:59:54', '2011-05-21_11-59-54_947.jpg', 'img/2011-05-21_11-59-54_947.jpg', 34),
	(1761, '2011-05-19 12:29:42', '2011-05-19_19-29-42_68.jpg', 'img/2011-05-19_19-29-42_68.jpg', 34),
	(1762, '2011-05-19 12:26:36', '2011-05-19_19-26-37_479.jpg', 'img/2011-05-19_19-26-37_479.jpg', 34),
	(1763, '2011-05-21 06:04:32', '2011-05-21_13-04-32_789.jpg', 'img/2011-05-21_13-04-32_789.jpg', 34),
	(1764, '2011-05-21 06:01:36', '2011-05-21_13-01-36_732.jpg', 'img/2011-05-21_13-01-36_732.jpg', 34),
	(1765, '2011-05-21 05:45:00', '2011-05-21_12-44-59_953.jpg', 'img/2011-05-21_12-44-59_953.jpg', 34),
	(1766, '2011-05-19 12:32:46', '2011-05-19_19-32-47_624.jpg', 'img/2011-05-19_19-32-47_624.jpg', 34),
	(1767, '2011-05-19 12:32:26', '2011-05-19_19-32-26_546.jpg', 'img/2011-05-19_19-32-26_546.jpg', 34),
	(1768, '2011-05-21 05:08:44', '2011-05-21_12-08-44_238.jpg', 'img/2011-05-21_12-08-44_238.jpg', 34),
	(1769, '2011-05-21 06:07:46', '2011-05-21_13-07-46_803.jpg', 'img/2011-05-21_13-07-46_803.jpg', 34),
	(1770, '2011-05-20 08:54:00', '2011-05-20_15-54-00_554.jpg', 'img/2011-05-20_15-54-00_554.jpg', 34),
	(1771, '2011-05-21 06:09:50', '2011-05-21_13-09-51_296.jpg', 'img/2011-05-21_13-09-51_296.jpg', 34),
	(1772, '2011-05-19 12:26:46', '2011-05-19_19-26-46_538.jpg', 'img/2011-05-19_19-26-46_538.jpg', 34),
	(1773, '2011-05-20 09:42:38', '2011-05-20_16-42-39_288.jpg', 'img/2011-05-20_16-42-39_288.jpg', 34),
	(1774, '2011-05-19 12:28:52', '2011-05-19_19-28-52_906.jpg', 'img/2011-05-19_19-28-52_906.jpg', 34),
	(1775, '2011-05-19 12:32:34', '2011-05-19_19-32-33_890.jpg', 'img/2011-05-19_19-32-33_890.jpg', 34),
	(1776, '2011-05-19 12:34:14', '2011-05-19_19-34-15_273.jpg', 'img/2011-05-19_19-34-15_273.jpg', 34),
	(1777, '2011-05-19 12:26:24', '2011-05-19_19-26-23_185.jpg', 'img/2011-05-19_19-26-23_185.jpg', 34),
	(1778, '2011-05-19 12:31:26', '2011-05-19_19-31-26_221.jpg', 'img/2011-05-19_19-31-26_221.jpg', 34),
	(1779, '2011-05-20 08:12:28', '2011-05-20_15-12-28_171.jpg', 'img/2011-05-20_15-12-28_171.jpg', 34),
	(1780, '2011-05-19 12:28:28', '2011-05-19_19-28-28_632.jpg', 'img/2011-05-19_19-28-28_632.jpg', 34),
	(1781, '2011-05-21 05:27:06', '2011-05-21_12-27-07_493.jpg', 'img/2011-05-21_12-27-07_493.jpg', 34),
	(1782, '2011-05-19 12:26:16', '2011-05-19_19-26-16_387.jpg', 'img/2011-05-19_19-26-16_387.jpg', 34),
	(1783, '2011-05-21 05:10:48', '2011-05-21_12-10-49_584.jpg', 'img/2011-05-21_12-10-49_584.jpg', 34),
	(1784, '2011-05-19 12:27:30', '2011-05-19_19-27-30_304.jpg', 'img/2011-05-19_19-27-30_304.jpg', 34),
	(1785, '2011-05-21 05:29:18', '2011-05-21_12-29-17_925.jpg', 'img/2011-05-21_12-29-17_925.jpg', 34),
	(1786, '2011-05-20 08:13:26', '2011-05-20_15-13-26_739.jpg', 'img/2011-05-20_15-13-26_739.jpg', 34),
	(1787, '2011-05-19 12:29:54', '2011-05-19_19-29-54_487.jpg', 'img/2011-05-19_19-29-54_487.jpg', 34),
	(1788, '2011-05-21 06:11:14', '2011-05-21_13-11-15_15.jpg', 'img/2011-05-21_13-11-15_15.jpg', 34),
	(1789, '2011-05-19 12:26:32', '2011-05-19_19-26-32_796.jpg', 'img/2011-05-19_19-26-32_796.jpg', 34),
	(1790, '2011-05-21 03:37:04', '2011-05-21_10-37-04_780.jpg', 'img/2011-05-21_10-37-04_780.jpg', 34),
	(1791, '2011-05-20 08:13:06', '2011-05-20_15-13-07_703.jpg', 'img/2011-05-20_15-13-07_703.jpg', 34),
	(1792, '2011-05-19 12:32:16', '2011-05-19_19-32-17_291.jpg', 'img/2011-05-19_19-32-17_291.jpg', 34),
	(1793, '2011-05-24 05:50:37', '2011-05-24_08-50-36_781.jpg', 'img/2011-05-24_08-50-36_781.jpg', 87),
	(1794, '2011-05-24 05:51:01', '2011-05-24_08-51-00_323.jpg', 'img/2011-05-24_08-51-00_323.jpg', 86),
	(1795, '2011-05-24 05:54:28', '2011-05-24_08-54-28_569.jpg', 'img/2011-05-24_08-54-28_569.jpg', 86),
	(1796, '2011-05-24 06:05:00', '2011-05-24_09-05-00_375.jpg', 'img/2011-05-24_09-05-00_375.jpg', 87),
	(1801, '2011-05-25 04:00:49', '2011-05-25_07-00-48_891.jpg', 'img/2011/05-25/2011-05-25_07-00-48_891.jpg', 86),
	(1802, '2011-05-19 12:32:16', '2011-05-19_19-32-17_291.jpg', '\\img\\2011\\05-19\\2011-05-19_19-32-17_291.jpg', 34),
	(1803, '2011-05-21 05:27:32', '2011-05-21_12-27-32_69.jpg', '\\img\\2011\\05-21\\2011-05-21_12-27-32_69.jpg', 34),
	(1804, '2011-05-20 08:12:40', '2011-05-20_15-12-40_823.jpg', '\\img\\2011\\05-20\\2011-05-20_15-12-40_823.jpg', 34),
	(1806, '2011-05-19 12:28:18', '2011-05-19_19-28-18_441.jpg', '\\img\\2011\\05-19\\2011-05-19_19-28-18_441.jpg', 34),
	(1807, '2011-05-20 08:13:36', '2011-05-20_15-13-37_90.jpg', '\\img\\2011\\05-20\\2011-05-20_15-13-37_90.jpg', 34),
	(1808, '2011-05-20 08:12:34', '2011-05-20_15-12-34_934.jpg', '\\img\\2011\\05-20\\2011-05-20_15-12-34_934.jpg', 34),
	(1809, '2011-05-19 12:32:54', '2011-05-19_19-32-53_788.jpg', '\\img\\2011\\05-19\\2011-05-19_19-32-53_788.jpg', 34),
	(1810, '2011-05-19 12:33:32', '2011-05-19_19-33-33_7.jpg', '\\img\\2011\\05-19\\2011-05-19_19-33-33_7.jpg', 34),
	(1812, '2011-05-20 09:46:40', '2011-05-20_16-46-40_109.jpg', '\\img\\2011\\05-20\\2011-05-20_16-46-40_109.jpg', 34),
	(1813, '2011-05-20 08:13:14', '2011-05-20_15-13-14_572.jpg', '\\img\\2011\\05-20\\2011-05-20_15-13-14_572.jpg', 34),
	(1814, '2011-05-21 04:52:24', '2011-05-21_11-52-25_203.jpg', 'img/2011/05-21/2011-05-21_11-52-25_203.jpg', 34),
	(1815, '2011-05-19 12:26:26', '2011-05-19_19-26-27_765.jpg', '\\img\\2011\\05-19\\2011-05-19_19-26-27_765.jpg', 34),
	(1816, '2011-05-20 08:55:10', '2011-05-20_15-55-11_530.jpg', '\\img\\2011\\05-20\\2011-05-20_15-55-11_530.jpg', 34),
	(1817, '2011-05-20 08:13:56', '2011-05-20_15-13-56_812.jpg', '\\img\\2011\\05-20\\2011-05-20_15-13-56_812.jpg', 34),
	(1818, '2011-05-19 12:31:32', '2011-05-19_19-31-32_331.jpg', '\\img\\2011\\05-19\\2011-05-19_19-31-32_331.jpg', 34),
	(1819, '2011-05-19 12:31:46', '2011-05-19_19-31-46_278.jpg', '\\img\\2011\\05-19\\2011-05-19_19-31-46_278.jpg', 34),
	(1820, '2011-05-19 12:32:40', '2011-05-19_19-32-40_647.jpg', '\\img\\2011\\05-19\\2011-05-19_19-32-40_647.jpg', 34),
	(1822, '2011-05-20 08:53:40', '2011-05-20_15-53-40_523.jpg', '\\img\\2011\\05-20\\2011-05-20_15-53-40_523.jpg', 34),
	(1823, '2011-05-19 12:27:14', '2011-05-19_19-27-15_134.jpg', '\\img\\2011\\05-19\\2011-05-19_19-27-15_134.jpg', 34),
	(1824, '2011-05-21 04:14:54', '2011-05-21_11-14-54_265.jpg', '\\img\\2011\\05-21\\2011-05-21_11-14-54_265.jpg', 34),
	(1825, '2011-05-20 11:16:00', '2011-05-20_18-16-01_286.jpg', '\\img\\2011\\05-20\\2011-05-20_18-16-01_286.jpg', 34),
	(1826, '2011-05-19 12:25:40', '2011-05-19_19-25-40_85.jpg', '\\img\\2011\\05-19\\2011-05-19_19-25-40_85.jpg', 34),
	(1827, '2011-05-20 08:31:24', '2011-05-20_15-31-24_51.jpg', '\\img\\2011\\05-20\\2011-05-20_15-31-24_51.jpg', 34),
	(1828, '2011-05-21 05:29:08', '2011-05-21_12-29-08_452.jpg', '\\img\\2011\\05-21\\2011-05-21_12-29-08_452.jpg', 34),
	(1829, '2011-05-26 12:12:11', '2011-05-26_15-12-11_155.jpg', 'img/2011/05-26/2011-05-26_15-12-11_155.jpg', 90),
	(1830, '2011-05-26 12:46:39', '2011-05-26_15-46-39_278.jpg', 'img/2011/05-26/2011-05-26_15-46-39_278.jpg', 90),
	(1831, '2011-05-26 12:38:53', '2011-05-26_15-38-51_797.jpg', 'img/2011/05-26/2011-05-26_15-38-51_797.jpg', 90),
	(1832, '2011-05-26 12:53:59', '2011-05-26_15-53-59_52.jpg', 'img/2011/05-26/2011-05-26_15-53-59_52.jpg', 90),
	(1833, '2011-05-26 12:52:41', '2011-05-26_15-52-40_143.jpg', 'img/2011/05-26/2011-05-26_15-52-40_143.jpg', 90),
	(1835, '2011-05-26 13:05:48', '2011-05-26_16-05-47_882.jpg', 'img/2011/05-26/2011-05-26_16-05-47_882.jpg', 90),
	(1836, '2011-05-26 13:21:02', '2011-05-26_16-21-02_330.jpg', 'img/2011/05-26/2011-05-26_16-21-02_330.jpg', 90),
	(1837, '2011-05-26 13:36:35', '2011-05-26_16-36-34_957.jpg', 'img/2011/05-26/2011-05-26_16-36-34_957.jpg', 90),
	(1838, '2011-05-26 13:07:16', '2011-05-26_16-07-16_30.jpg', 'img/2011/05-26/2011-05-26_16-07-16_30.jpg', 90),
	(1839, '2011-05-26 13:18:18', '2011-05-26_16-18-17_687.jpg', '\\img\\2011\\05-26\\2011-05-26_16-18-17_687.jpg', 90),
	(1840, '2011-05-26 13:13:16', '2011-05-26_16-13-15_401.jpg', 'img/2011/05-26/2011-05-26_16-13-15_401.jpg', 90),
	(1841, '2011-05-26 13:21:38', '2011-05-26_16-21-38_421.jpg', 'img/2011/05-26/2011-05-26_16-21-38_421.jpg', 90),
	(1842, '2011-05-26 13:17:28', '2011-05-26_16-17-27_999.jpg', 'img/2011/05-26/2011-05-26_16-17-27_999.jpg', 90),
	(1843, '2011-05-26 13:19:56', '2011-05-26_16-19-56_278.jpg', 'img/2011/05-26/2011-05-26_16-19-56_278.jpg', 90),
	(1844, '2011-05-26 13:19:18', '2011-05-26_16-19-18_115.jpg', '\\img\\2011\\05-26\\2011-05-26_16-19-18_115.jpg', 90),
	(1845, '2011-05-27 15:53:54', '2011-05-27_18-53-54_195.jpg', 'img/2011/05-27/2011-05-27_18-53-54_195.jpg', 86),
	(1846, '2011-05-27 16:36:22', '2011-05-27_19-36-21_490.jpg', 'img/2011/05-27/2011-05-27_19-36-21_490.jpg', 87),
	(1847, '2011-05-27 16:36:50', '2011-05-27_19-36-50_343.jpg', 'img/2011/05-27/2011-05-27_19-36-50_343.jpg', 87),
	(1848, '2011-05-27 16:37:13', '2011-05-27_19-37-12_739.jpg', 'img/2011/05-27/2011-05-27_19-37-12_739.jpg', 87),
	(1849, '2011-05-27 18:29:15', '2011-05-27_21-29-15_226.jpg', 'img/2011/05-27/2011-05-27_21-29-15_226.jpg', 87),
	(1850, '2011-05-27 14:25:46', '2011-05-27_21-25-47_433.jpg', 'img/2011/05-27/2011-05-27_21-25-47_433.jpg', 87),
	(1851, '2011-05-27 15:56:59', '2011-05-27_18-56-59_124.jpg', 'img/2011/05-27/2011-05-27_18-56-59_124.jpg', 86),
	(1852, '2011-05-27 16:13:27', '2011-05-27_19-13-27_471.jpg', 'img/2011/05-27/2011-05-27_19-13-27_471.jpg', 86),
	(1854, '2011-05-27 16:14:28', '2011-05-27_19-14-28_179.jpg', 'img/2011/05-27/2011-05-27_19-14-28_179.jpg', 86),
	(1855, '2011-05-27 18:28:41', '2011-05-27_21-28-40_750.jpg', 'img/2011/05-27/2011-05-27_21-28-40_750.jpg', 87),
	(1856, '2011-05-27 15:55:29', '2011-05-27_18-55-28_788.jpg', 'img/2011/05-27/2011-05-27_18-55-28_788.jpg', 86),
	(1857, '2011-05-28 07:55:14', '2011-05-28_10-55-14_296.jpg', 'img/2011/05-28/2011-05-28_10-55-14_296.jpg', 34),
	(1858, '2011-05-28 07:55:21', '2011-05-28_10-55-20_658.jpg', 'img/2011/05-28/2011-05-28_10-55-20_658.jpg', 34),
	(1859, '2011-05-28 07:43:49', '2011-05-28_10-43-49_345.jpg', 'img/2011/05-28/2011-05-28_10-43-49_345.jpg', 34),
	(1860, '2011-05-28 08:10:23', '2011-05-28_11-10-23_453.jpg', '\\img\\2011\\05-28\\2011-05-28_11-10-23_453.jpg', 31),
	(1861, '2011-05-28 08:16:57', '2011-05-28_11-16-56_992.jpg', '\\img\\2011\\05-28\\2011-05-28_11-16-56_992.jpg', 31),
	(1862, '2011-05-28 08:09:14', '2011-05-28_11-09-13_857.jpg', '\\img\\2011\\05-28\\2011-05-28_11-09-13_857.jpg', 31),
	(1863, '2011-05-28 08:18:14', '2011-05-28_11-18-14_257.jpg', '\\img\\2011\\05-28\\2011-05-28_11-18-14_257.jpg', 31),
	(1864, '2011-05-28 08:08:44', '2011-05-28_11-08-44_119.jpg', '\\img\\2011\\05-28\\2011-05-28_11-08-44_119.jpg', 31),
	(1865, '2011-05-28 08:09:05', '2011-05-28_11-09-05_520.jpg', '\\img\\2011\\05-28\\2011-05-28_11-09-05_520.jpg', 31),
	(1866, '2011-05-28 08:24:34', '2011-05-28_11-24-33_996.jpg', '\\img\\2011\\05-28\\2011-05-28_11-24-33_996.jpg', 31),
	(1867, '2011-05-28 08:19:07', '2011-05-28_11-19-07_609.jpg', '\\img\\2011\\05-28\\2011-05-28_11-19-07_609.jpg', 33),
	(1868, '2011-05-28 08:19:12', '2011-05-28_11-19-12_476.jpg', '\\img\\2011\\05-28\\2011-05-28_11-19-12_476.jpg', 33),
	(1869, '2011-05-28 08:37:34', '2011-05-28_11-37-34_693.jpg', '\\img\\2011\\05-28\\2011-05-28_11-37-34_693.jpg', 33),
	(1870, '2011-05-28 08:50:35', '2011-05-28_11-50-34_904.jpg', '\\img\\2011\\05-28\\2011-05-28_11-50-34_904.jpg', 34),
	(1871, '2011-05-28 08:55:06', '2011-05-28_11-55-06_457.jpg', 'img/2011/05-28/2011-05-28_11-55-06_457.jpg', 34),
	(1872, '2011-05-28 08:13:14', '2011-05-28_11-13-13_753.jpg', '\\img\\2011\\05-28\\2011-05-28_11-13-13_753.jpg', 34),
	(1873, '2011-05-28 09:08:01', '2011-05-28_12-08-00_520.jpg', 'img/2011/05-28/2011-05-28_12-08-00_520.jpg', 34),
	(1874, '2011-05-28 08:15:20', '2011-05-28_11-15-20_536.jpg', '\\img\\2011\\05-28\\2011-05-28_11-15-20_536.jpg', 34),
	(1875, '2011-05-28 08:52:26', '2011-05-28_11-52-26_671.jpg', 'img/2011/05-28/2011-05-28_11-52-26_671.jpg', 34),
	(1876, '2011-05-28 08:47:14', '2011-05-28_11-47-13_915.jpg', '\\img\\2011\\05-28\\2011-05-28_11-47-13_915.jpg', 34),
	(1877, '2011-05-28 09:01:31', '2011-05-28_12-01-31_304.jpg', 'img/2011/05-28/2011-05-28_12-01-31_304.jpg', 34),
	(1878, '2011-05-28 08:18:07', '2011-05-28_11-18-06_961.jpg', '\\img\\2011\\05-28\\2011-05-28_11-18-06_961.jpg', 34),
	(1879, '2011-05-28 08:56:29', '2011-05-28_11-56-29_187.jpg', '\\img\\2011\\05-28\\2011-05-28_11-56-29_187.jpg', 31),
	(1880, '2011-05-28 08:43:13', '2011-05-28_11-43-12_776.jpg', '\\img\\2011\\05-28\\2011-05-28_11-43-12_776.jpg', 31),
	(1881, '2011-05-28 08:44:06', '2011-05-28_11-44-06_200.jpg', '\\img\\2011\\05-28\\2011-05-28_11-44-06_200.jpg', 31),
	(1882, '2011-05-28 08:43:02', '2011-05-28_11-43-02_171.jpg', '\\img\\2011\\05-28\\2011-05-28_11-43-02_171.jpg', 31),
	(1883, '2011-05-28 08:44:44', '2011-05-28_11-44-44_702.jpg', '\\img\\2011\\05-28\\2011-05-28_11-44-44_702.jpg', 31),
	(1887, '2011-05-28 09:51:44', '2011-05-28_12-51-44_128.jpg', 'img/2011/05-28/2011-05-28_12-51-44_128.jpg', 33),
	(1888, '2011-05-28 09:15:21', '2011-05-28_12-15-21_225.jpg', '\\img\\2011\\05-28\\2011-05-28_12-15-21_225.jpg', 33),
	(1889, '2011-05-28 08:59:13', '2011-05-28_11-59-12_913.jpg', 'img/2011/05-28/2011-05-28_11-59-12_913.jpg', 33),
	(1891, '2011-05-28 09:36:47', '2011-05-28_12-36-46_796.jpg', '\\img\\2011\\05-28\\2011-05-28_12-36-46_796.jpg', 33),
	(1892, '2011-05-28 09:36:59', '2011-05-28_12-36-59_476.jpg', '\\img\\2011\\05-28\\2011-05-28_12-36-59_476.jpg', 33),
	(1895, '2011-05-28 10:46:06', '2011-05-28_13-46-06_335.jpg', 'img/2011/05-28/2011-05-28_13-46-06_335.jpg', 32),
	(1896, '2011-05-28 11:13:43', '2011-05-28_14-13-42_668.jpg', 'img/2011/05-28/2011-05-28_14-13-42_668.jpg', 32),
	(1897, '2011-05-28 11:13:34', '2011-05-28_14-13-33_336.jpg', 'img/2011/05-28/2011-05-28_14-13-33_336.jpg', 32),
	(1898, '2011-05-28 11:16:05', '2011-05-28_14-16-05_700.jpg', 'img/2011/05-28/2011-05-28_14-16-05_700.jpg', 32),
	(1899, '2011-05-28 11:16:38', '2011-05-28_14-16-37_968.jpg', 'img/2011/05-28/2011-05-28_14-16-37_968.jpg', 32),
	(1900, '2011-05-27 14:26:18', '2011-05-27_21-26-17_798.jpg', 'img/2011/05-27/2011-05-27_21-26-17_798.jpg', 87),
	(1901, '2011-05-28 11:20:53', '2011-05-28_14-20-52_788.jpg', 'img/2011/05-28/2011-05-28_14-20-52_788.jpg', 87),
	(1902, '2011-05-28 10:46:19', '2011-05-28_13-46-19_226.jpg', 'img/2011/05-28/2011-05-28_13-46-19_226.jpg', 34),
	(1903, '2011-05-28 11:18:33', '2011-05-28_14-18-33_554.jpg', 'img/2011/05-28/2011-05-28_14-18-33_554.jpg', 34),
	(1904, '2011-05-28 11:18:23', '2011-05-28_14-18-23_131.jpg', 'img/2011/05-28/2011-05-28_14-18-23_131.jpg', 34),
	(1905, '2011-05-28 10:59:57', '2011-05-28_13-59-57_316.jpg', 'img/2011/05-28/2011-05-28_13-59-57_316.jpg', 34),
	(1906, '2011-05-28 11:20:01', '2011-05-28_14-20-01_249.jpg', 'img/2011/05-28/2011-05-28_14-20-01_249.jpg', 34),
	(1907, '2011-05-28 12:17:56', '2011-05-28_15-17-56_82.jpg', 'img/2011/05-28/2011-05-28_15-17-56_82.jpg', 32),
	(1908, '2011-05-28 12:29:25', '2011-05-28_15-29-25_1.jpg', 'img/2011/05-28/2011-05-28_15-29-25_1.jpg', 32),
	(1909, '2011-05-28 12:25:00', '2011-05-28_15-25-00_456.jpg', 'img/2011/05-28/2011-05-28_15-25-00_456.jpg', 32),
	(1910, '2011-05-27 15:54:34', '2011-05-27_18-54-33_757.jpg', 'img/2011/05-27/2011-05-27_18-54-33_757.jpg', 86),
	(1911, '2011-05-27 16:13:52', '2011-05-27_19-13-52_416.jpg', 'img/2011/05-27/2011-05-27_19-13-52_416.jpg', 86),
	(1912, '2011-05-27 16:14:53', '2011-05-27_19-14-52_890.jpg', 'img/2011/05-27/2011-05-27_19-14-52_890.jpg', 86),
	(1913, '2011-05-27 15:54:44', '2011-05-27_18-54-43_546.jpg', 'img/2011/05-27/2011-05-27_18-54-43_546.jpg', 86),
	(1914, '2011-05-27 15:56:24', '2011-05-27_18-56-24_664.jpg', 'img/2011/05-27/2011-05-27_18-56-24_664.jpg', 86),
	(1915, '2011-05-27 16:14:01', '2011-05-27_19-14-01_363.jpg', 'img/2011/05-27/2011-05-27_19-14-01_363.jpg', 86),
	(1916, '2011-05-27 16:14:39', '2011-05-27_19-14-38_796.jpg', 'img/2011/05-27/2011-05-27_19-14-38_796.jpg', 86),
	(1917, '2011-05-27 15:57:42', '2011-05-27_18-57-42_343.jpg', 'img/2011/05-27/2011-05-27_18-57-42_343.jpg', 86),
	(1918, '2011-05-27 16:14:11', '2011-05-27_19-14-10_804.jpg', 'img/2011/05-27/2011-05-27_19-14-10_804.jpg', 86),
	(1919, '2011-05-28 12:25:33', '2011-05-28_15-25-32_898.jpg', 'img/2011/05-28/2011-05-28_15-25-32_898.jpg', 34),
	(1920, '2011-05-28 12:23:32', '2011-05-28_15-23-32_88.jpg', 'img/2011/05-28/2011-05-28_15-23-32_88.jpg', 34),
	(1921, '2011-05-28 12:27:41', '2011-05-28_15-27-41_531.jpg', 'img/2011/05-28/2011-05-28_15-27-41_531.jpg', 34),
	(1922, '2011-05-28 11:38:37', '2011-05-28_14-38-37_148.jpg', 'img/2011/05-28/2011-05-28_14-38-37_148.jpg', 34),
	(1923, '2011-05-28 12:33:15', '2011-05-28_15-33-15_258.jpg', 'img/2011/05-28/2011-05-28_15-33-15_258.jpg', 34),
	(1924, '2011-05-28 12:21:51', '2011-05-28_15-21-51_11.jpg', 'img/2011/05-28/2011-05-28_15-21-51_11.jpg', 34),
	(1925, '2011-05-28 12:31:26', '2011-05-28_15-31-26_171.jpg', 'img/2011/05-28/2011-05-28_15-31-26_171.jpg', 34),
	(1926, '2011-05-28 12:29:47', '2011-05-28_15-29-47_66.jpg', 'img/2011/05-28/2011-05-28_15-29-47_66.jpg', 34),
	(1927, '2011-05-28 12:20:11', '2011-05-28_15-20-10_906.jpg', 'img/2011/05-28/2011-05-28_15-20-10_906.jpg', 34),
	(1928, '2011-05-28 11:37:16', '2011-05-28_14-37-16_155.jpg', 'img/2011/05-28/2011-05-28_14-37-16_155.jpg', 34),
	(1929, '2011-05-28 12:39:48', '2011-05-28_15-39-47_791.jpg', 'img/2011/05-28/2011-05-28_15-39-47_791.jpg', 34),
	(1930, '2011-05-28 12:52:10', '2011-05-28_15-52-09_726.jpg', 'img/2011/05-28/2011-05-28_15-52-09_726.jpg', 32),
	(1931, '2011-05-28 13:21:39', '2011-05-28_16-21-39_632.jpg', 'img/2011/05-28/2011-05-28_16-21-39_632.jpg', 32),
	(1932, '2011-05-28 13:05:49', '2011-05-28_16-05-48_984.jpg', 'img/2011/05-28/2011-05-28_16-05-48_984.jpg', 32),
	(1933, '2011-05-28 13:16:01', '2011-05-28_16-16-00_798.jpg', 'img/2011/05-28/2011-05-28_16-16-00_798.jpg', 32),
	(1934, '2011-05-28 13:21:11', '2011-05-28_16-21-10_983.jpg', 'img/2011/05-28/2011-05-28_16-21-10_983.jpg', 32),
	(1935, '2011-05-28 12:53:40', '2011-05-28_15-53-39_867.jpg', 'img/2011/05-28/2011-05-28_15-53-39_867.jpg', 32),
	(1936, '2011-05-28 12:46:07', '2011-05-28_15-46-07_640.jpg', 'img/2011/05-28/2011-05-28_15-46-07_640.jpg', 32),
	(1937, '2011-05-28 13:28:31', '2011-05-28_16-28-30_649.jpg', 'img/2011/05-28/2011-05-28_16-28-30_649.jpg', 31),
	(1938, '2011-05-28 13:02:19', '2011-05-28_16-02-19_296.jpg', 'img/2011/05-28/2011-05-28_16-02-19_296.jpg', 31),
	(1939, '2011-05-28 13:31:06', '2011-05-28_16-31-05_668.jpg', 'img/2011/05-28/2011-05-28_16-31-05_668.jpg', 31),
	(1940, '2011-05-28 14:07:11', '2011-05-28_17-07-11_197.jpg', 'img/2011/05-28/2011-05-28_17-07-11_197.jpg', 86),
	(1941, '2011-05-28 14:07:14', '2011-05-28_17-07-13_756.jpg', '\\img\\2011\\05-28\\2011-05-28_17-07-13_756.jpg', 86),
	(1942, '2011-05-28 14:07:09', '2011-05-28_17-07-08_624.jpg', 'img/2011/05-28/2011-05-28_17-07-08_624.jpg', 86),
	(1943, '2011-05-28 14:25:29', '2011-05-28_17-25-29_265.jpg', 'img/2011/05-28/2011-05-28_17-25-29_265.jpg', 86),
	(1944, '2011-05-28 13:41:37', '2011-05-28_16-41-37_159.jpg', 'img/2011/05-28/2011-05-28_16-41-37_159.jpg', 31),
	(1945, '2011-05-28 14:04:53', '2011-05-28_17-04-53_413.jpg', 'img/2011/05-28/2011-05-28_17-04-53_413.jpg', 31),
	(1946, '2011-05-28 14:05:16', '2011-05-28_17-05-16_289.jpg', 'img/2011/05-28/2011-05-28_17-05-16_289.jpg', 31),
	(1947, '2011-05-28 13:43:54', '2011-05-28_16-43-53_787.jpg', 'img/2011/05-28/2011-05-28_16-43-53_787.jpg', 31),
	(1948, '2011-05-29 09:19:05', '2011-05-29_12-19-03_850.jpg', 'img/2011/05-29/2011-05-29_12-19-03_850.jpg', 91),
	(1949, '2011-05-29 09:20:26', '2011-05-29_12-20-25_752.jpg', '\\img\\2011\\05-29\\2011-05-29_12-20-25_752.jpg', 91),
	(1951, '2011-05-29 09:52:14', '2011-05-29_12-52-14_1.jpg', 'img/2011/05-29/2011-05-29_12-52-14_1.jpg', 31),
	(1952, '2011-05-29 09:53:15', '2011-05-29_12-53-15_555.jpg', 'img/2011/05-29/2011-05-29_12-53-15_555.jpg', 34),
	(1953, '2011-05-29 09:53:44', '2011-05-29_12-53-44_350.jpg', 'img/2011/05-29/2011-05-29_12-53-44_350.jpg', 90),
	(1954, '2011-05-28 14:26:06', '2011-05-28_17-26-06_595.jpg', 'img/2011/05-28/2011-05-28_17-26-06_595.jpg', 86),
	(1955, '2011-05-28 14:25:46', '2011-05-28_17-25-46_93.jpg', 'img/2011/05-28/2011-05-28_17-25-46_93.jpg', 86),
	(1956, '2011-05-28 14:25:42', '2011-05-28_17-25-42_93.jpg', 'img/2011/05-28/2011-05-28_17-25-42_93.jpg', 86),
	(1957, '2011-05-29 11:02:46', '2011-05-29_14-02-46_273.jpg', 'img/2011/05-29/2011-05-29_14-02-46_273.jpg', 91),
	(1958, '2011-05-29 11:03:08', '2011-05-29_14-03-08_288.jpg', 'img/2011/05-29/2011-05-29_14-03-08_288.jpg', 91),
	(1959, '2011-05-29 11:03:25', '2011-05-29_14-03-25_400.jpg', 'img/2011/05-29/2011-05-29_14-03-25_400.jpg', 91),
	(1960, '2011-05-29 11:11:55', '2011-05-29_14-11-55_405.jpg', 'img/2011/05-29/2011-05-29_14-11-55_405.jpg', 32),
	(1961, '2011-05-29 11:24:04', '2011-05-29_14-24-04_216.jpg', 'img/2011/05-29/2011-05-29_14-24-04_216.jpg', 33),
	(1964, '2011-05-29 09:58:27', '2011-05-29_12-58-27_249.jpg', '\\img\\2011\\05-29\\2011-05-29_12-58-27_249.jpg', 33),
	(1965, '2011-05-29 10:23:28', '2011-05-29_13-23-28_343.jpg', 'img/2011/05-29/2011-05-29_13-23-28_343.jpg', 33),
	(1966, '2011-05-29 09:52:21', '2011-05-29_12-52-21_249.jpg', 'img/2011/05-29/2011-05-29_12-52-21_249.jpg', 33),
	(1967, '2011-05-29 10:08:53', '2011-05-29_13-08-53_664.jpg', 'img/2011/05-29/2011-05-29_13-08-53_664.jpg', 33),
	(1968, '2011-05-29 09:26:30', '2011-05-29_12-26-30_328.jpg', '\\img\\2011\\05-29\\2011-05-29_12-26-30_328.jpg', 33),
	(1969, '2011-05-29 10:41:34', '2011-05-29_13-41-34_469.jpg', '\\img\\2011\\05-29\\2011-05-29_13-41-34_469.jpg', 33),
	(1970, '2011-05-29 10:08:42', '2011-05-29_13-08-42_477.jpg', 'img/2011/05-29/2011-05-29_13-08-42_477.jpg', 33),
	(1971, '2011-05-29 10:19:05', '2011-05-29_13-19-05_281.jpg', '\\img\\2011\\05-29\\2011-05-29_13-19-05_281.jpg', 33),
	(1972, '2011-05-29 11:28:34', '2011-05-29_14-28-34_653.jpg', 'img/2011/05-29/2011-05-29_14-28-34_653.jpg', 33),
	(1973, '2011-05-29 10:08:26', '2011-05-29_13-08-26_714.jpg', 'img/2011/05-29/2011-05-29_13-08-26_714.jpg', 33),
	(1974, '2011-05-29 11:24:24', '2011-05-29_14-24-24_154.jpg', '\\img\\2011\\05-29\\2011-05-29_14-24-24_154.jpg', 33),
	(1975, '2011-05-29 11:02:39', '2011-05-29_14-02-38_877.jpg', 'img/2011/05-29/2011-05-29_14-02-38_877.jpg', 32),
	(1976, '2011-05-29 11:02:23', '2011-05-29_14-02-22_849.jpg', 'img/2011/05-29/2011-05-29_14-02-22_849.jpg', 32),
	(1977, '2011-05-29 11:24:40', '2011-05-29_14-24-39_905.jpg', 'img/2011/05-29/2011-05-29_14-24-39_905.jpg', 32),
	(1978, '2011-05-29 10:17:10', '2011-05-29_13-17-09_570.jpg', 'img/2011/05-29/2011-05-29_13-17-09_570.jpg', 32),
	(1979, '2011-05-29 11:24:33', '2011-05-29_14-24-32_640.jpg', 'img/2011/05-29/2011-05-29_14-24-32_640.jpg', 32),
	(1980, '2011-05-29 11:40:04', '2011-05-29_14-40-03_915.jpg', 'img/2011/05-29/2011-05-29_14-40-03_915.jpg', 91),
	(1981, '2011-05-29 11:40:12', '2011-05-29_14-40-12_171.jpg', 'img/2011/05-29/2011-05-29_14-40-12_171.jpg', 91),
	(1982, '2011-05-29 12:35:26', '2011-05-29_15-35-26_116.jpg', '\\img\\2011\\05-29\\2011-05-29_15-35-26_116.jpg', 32),
	(1983, '2011-05-29 12:43:37', '2011-05-29_15-43-36_182.jpg', 'img/2011/05-29/2011-05-29_15-43-36_182.jpg', 32),
	(1984, '2011-05-29 12:25:41', '2011-05-29_15-25-40_968.jpg', 'img/2011/05-29/2011-05-29_15-25-40_968.jpg', 32),
	(1985, '2011-05-29 11:45:22', '2011-05-29_14-45-22_336.jpg', 'img/2011/05-29/2011-05-29_14-45-22_336.jpg', 32),
	(1986, '2011-05-29 12:35:31', '2011-05-29_15-35-31_116.jpg', 'img/2011/05-29/2011-05-29_15-35-31_116.jpg', 32),
	(1987, '2011-05-29 11:45:28', '2011-05-29_14-45-27_718.jpg', 'img/2011/05-29/2011-05-29_14-45-27_718.jpg', 32),
	(1988, '2011-05-29 12:31:46', '2011-05-29_15-31-45_951.jpg', 'img/2011/05-29/2011-05-29_15-31-45_951.jpg', 32),
	(1989, '2011-05-29 12:36:49', '2011-05-29_15-36-49_296.jpg', 'img/2011/05-29/2011-05-29_15-36-49_296.jpg', 32),
	(1990, '2011-05-29 12:30:18', '2011-05-29_15-30-18_421.jpg', 'img/2011/05-29/2011-05-29_15-30-18_421.jpg', 32),
	(1991, '2011-05-29 12:07:20', '2011-05-29_15-07-20_77.jpg', 'img/2011/05-29/2011-05-29_15-07-20_77.jpg', 32),
	(1992, '2011-05-29 12:07:02', '2011-05-29_15-07-01_815.jpg', 'img/2011/05-29/2011-05-29_15-07-01_815.jpg', 32),
	(1993, '2011-05-29 11:25:00', '2011-05-29_14-25-00_446.jpg', 'img/2011/05-29/2011-05-29_14-25-00_446.jpg', 32),
	(1994, '2011-05-29 10:17:16', '2011-05-29_13-17-15_398.jpg', 'img/2011/05-29/2011-05-29_13-17-15_398.jpg', 32),
	(1995, '2011-05-29 12:27:43', '2011-05-29_15-27-43_343.jpg', 'img/2011/05-29/2011-05-29_15-27-43_343.jpg', 32),
	(1996, '2011-05-29 12:33:55', '2011-05-29_15-33-55_478.jpg', 'img/2011/05-29/2011-05-29_15-33-55_478.jpg', 32),
	(1997, '2011-05-29 13:22:27', '2011-05-29_16-22-27_365.jpg', '\\img\\2011\\05-29\\2011-05-29_16-22-27_365.jpg', 32),
	(1998, '2011-05-29 13:21:45', '2011-05-29_16-21-44_772.jpg', 'img/2011/05-29/2011-05-29_16-21-44_772.jpg', 32),
	(1999, '2011-05-29 13:22:44', '2011-05-29_16-22-43_882.jpg', 'img/2011/05-29/2011-05-29_16-22-43_882.jpg', 32),
	(2000, '2011-05-29 13:36:06', '2011-05-29_16-36-05_421.jpg', 'img/2011/05-29/2011-05-29_16-36-05_421.jpg', 32),
	(2001, '2011-05-29 13:37:07', '2011-05-29_16-37-07_646.jpg', '\\img\\2011\\05-29\\2011-05-29_16-37-07_646.jpg', 32),
	(2002, '2011-05-29 13:04:16', '2011-05-29_16-04-15_735.jpg', 'img/2011/05-29/2011-05-29_16-04-15_735.jpg', 91),
	(2003, '2011-05-29 13:41:46', '2011-05-29_16-41-45_827.jpg', 'img/2011/05-29/2011-05-29_16-41-45_827.jpg', 91),
	(2004, '2011-05-29 13:44:25', '2011-05-29_16-44-24_773.jpg', '\\img\\2011\\05-29\\2011-05-29_16-44-24_773.jpg', 32),
	(2005, '2011-05-29 12:15:27', '2011-05-29_15-15-26_637.jpg', 'img/2011/05-29/2011-05-29_15-15-26_637.jpg', 91),
	(2006, '2011-05-29 13:33:51', '2011-05-29_16-33-50_982.jpg', '\\img\\2011\\05-29\\2011-05-29_16-33-50_982.jpg', 91),
	(2007, '2011-05-29 12:15:10', '2011-05-29_15-15-10_206.jpg', 'img/2011/05-29/2011-05-29_15-15-10_206.jpg', 91),
	(2008, '2011-05-29 12:41:33', '2011-05-29_15-41-33_340.jpg', 'img/2011/05-29/2011-05-29_15-41-33_340.jpg', 91),
	(2009, '2011-05-29 13:23:12', '2011-05-29_16-23-11_444.jpg', '\\img\\2011\\05-29\\2011-05-29_16-23-11_444.jpg', 91),
	(2010, '2011-05-29 13:47:00', '2011-05-29_16-47-00_467.jpg', '\\img\\2011\\05-29\\2011-05-29_16-47-00_467.jpg', 32),
	(2011, '2011-05-29 13:21:19', '2011-05-29_16-21-18_538.jpg', '\\img\\2011\\05-29\\2011-05-29_16-21-18_538.jpg', 91),
	(2012, '2011-05-29 13:26:48', '2011-05-29_16-26-48_273.jpg', 'img/2011/05-29/2011-05-29_16-26-48_273.jpg', 91),
	(2013, '2011-05-29 12:38:36', '2011-05-29_15-38-35_757.jpg', 'img/2011/05-29/2011-05-29_15-38-35_757.jpg', 91),
	(2014, '2011-05-29 13:21:22', '2011-05-29_16-21-22_538.jpg', '\\img\\2011\\05-29\\2011-05-29_16-21-22_538.jpg', 91),
	(2015, '2011-05-29 12:16:07', '2011-05-29_15-16-07_7.jpg', 'img/2011/05-29/2011-05-29_15-16-07_7.jpg', 91),
	(2016, '2011-05-29 11:53:03', '2011-05-29_14-53-03_435.jpg', 'img/2011/05-29/2011-05-29_14-53-03_435.jpg', 91),
	(2017, '2011-05-29 13:41:37', '2011-05-29_16-41-36_712.jpg', 'img/2011/05-29/2011-05-29_16-41-36_712.jpg', 91),
	(2018, '2011-05-29 12:38:42', '2011-05-29_15-38-41_960.jpg', 'img/2011/05-29/2011-05-29_15-38-41_960.jpg', 91),
	(2019, '2011-05-29 13:04:30', '2011-05-29_16-04-30_88.jpg', 'img/2011/05-29/2011-05-29_16-04-30_88.jpg', 91),
	(2020, '2011-05-29 13:51:16', '2011-05-29_16-51-15_670.jpg', '\\img\\2011\\05-29\\2011-05-29_16-51-15_670.jpg', 32),
	(2021, '2011-05-29 11:52:47', '2011-05-29_14-52-46_991.jpg', 'img/2011/05-29/2011-05-29_14-52-46_991.jpg', 91),
	(2022, '2011-05-29 13:51:22', '2011-05-29_16-51-21_812.jpg', 'img/2011/05-29/2011-05-29_16-51-21_812.jpg', 32),
	(2023, '2011-05-29 13:29:16', '2011-05-29_16-29-15_906.jpg', 'img/2011/05-29/2011-05-29_16-29-15_906.jpg', 91),
	(2024, '2011-05-29 13:31:26', '2011-05-29_16-31-26_577.jpg', '\\img\\2011\\05-29\\2011-05-29_16-31-26_577.jpg', 91),
	(2025, '2011-05-29 12:16:03', '2011-05-29_15-16-03_85.jpg', '\\img\\2011\\05-29\\2011-05-29_15-16-03_85.jpg', 91),
	(2026, '2011-05-29 13:35:57', '2011-05-29_16-35-57_216.jpg', '\\img\\2011\\05-29\\2011-05-29_16-35-57_216.jpg', 91),
	(2027, '2011-05-29 13:36:01', '2011-05-29_16-36-01_280.jpg', '\\img\\2011\\05-29\\2011-05-29_16-36-01_280.jpg', 91),
	(2028, '2011-05-29 13:54:22', '2011-05-29_16-54-21_890.jpg', 'img/2011/05-29/2011-05-29_16-54-21_890.jpg', 32),
	(2029, '2011-05-29 12:15:20', '2011-05-29_15-15-20_581.jpg', '\\img\\2011\\05-29\\2011-05-29_15-15-20_581.jpg', 91),
	(2030, '2011-05-29 13:54:55', '2011-05-29_16-54-55_179.jpg', '\\img\\2011\\05-29\\2011-05-29_16-54-55_179.jpg', 32),
	(2031, '2011-05-29 13:41:40', '2011-05-29_16-41-40_133.jpg', '\\img\\2011\\05-29\\2011-05-29_16-41-40_133.jpg', 91),
	(2032, '2011-05-29 13:55:14', '2011-05-29_16-55-13_655.jpg', '\\img\\2011\\05-29\\2011-05-29_16-55-13_655.jpg', 32),
	(2033, '2011-05-29 12:15:35', '2011-05-29_15-15-35_178.jpg', '\\img\\2011\\05-29\\2011-05-29_15-15-35_178.jpg', 91),
	(2034, '2011-05-29 11:53:11', '2011-05-29_14-53-11_135.jpg', '\\img\\2011\\05-29\\2011-05-29_14-53-11_135.jpg', 91),
	(2035, '2011-05-29 12:15:15', '2011-05-29_15-15-15_304.jpg', '\\img\\2011\\05-29\\2011-05-29_15-15-15_304.jpg', 91),
	(2036, '2011-05-29 13:04:33', '2011-05-29_16-04-33_125.jpg', '\\img\\2011\\05-29\\2011-05-29_16-04-33_125.jpg', 91),
	(2037, '2011-05-29 13:24:52', '2011-05-29_16-24-51_927.jpg', '\\img\\2011\\05-29\\2011-05-29_16-24-51_927.jpg', 91),
	(2038, '2011-05-29 13:26:53', '2011-05-29_16-26-53_315.jpg', '\\img\\2011\\05-29\\2011-05-29_16-26-53_315.jpg', 91),
	(2039, '2011-05-29 12:41:22', '2011-05-29_15-41-21_557.jpg', '\\img\\2011\\05-29\\2011-05-29_15-41-21_557.jpg', 91),
	(2040, '2011-05-29 14:12:45', '2011-05-29_17-12-45_109.jpg', 'img/2011/05-29/2011-05-29_17-12-45_109.jpg', 90),
	(2041, '2011-05-29 14:12:41', '2011-05-29_17-12-40_507.jpg', '\\img\\2011\\05-29\\2011-05-29_17-12-40_507.jpg', 90),
	(2042, '2011-05-29 14:34:17', '2011-05-29_17-34-17_273.jpg', '\\img\\2011\\05-29\\2011-05-29_17-34-17_273.jpg', 90),
	(2043, '2011-05-29 14:34:14', '2011-05-29_17-34-14_310.jpg', '\\img\\2011\\05-29\\2011-05-29_17-34-14_310.jpg', 90),
	(2044, '2011-05-29 14:39:22', '2011-05-29_17-39-22_118.jpg', '\\img\\2011\\05-29\\2011-05-29_17-39-22_118.jpg', 32),
	(2045, '2011-05-29 14:41:24', '2011-05-29_17-41-23_896.jpg', '\\img\\2011\\05-29\\2011-05-29_17-41-23_896.jpg', 32),
	(2046, '2011-05-29 14:39:18', '2011-05-29_17-39-18_594.jpg', '\\img\\2011\\05-29\\2011-05-29_17-39-18_594.jpg', 32),
	(2047, '2011-05-29 14:41:37', '2011-05-29_17-41-37_418.jpg', '\\img\\2011\\05-29\\2011-05-29_17-41-37_418.jpg', 32),
	(2048, '2011-05-29 14:39:05', '2011-05-29_17-39-05_327.jpg', '\\img\\2011\\05-29\\2011-05-29_17-39-05_327.jpg', 32),
	(2049, '2011-05-29 14:15:11', '2011-05-29_17-15-10_523.jpg', '\\img\\2011\\05-29\\2011-05-29_17-15-10_523.jpg', 32),
	(2050, '2011-05-29 14:41:42', '2011-05-29_17-41-41_93.jpg', '\\img\\2011\\05-29\\2011-05-29_17-41-41_93.jpg', 32),
	(2051, '2011-05-29 14:28:46', '2011-05-29_17-28-46_243.jpg', '\\img\\2011\\05-29\\2011-05-29_17-28-46_243.jpg', 32),
	(2052, '2011-05-29 14:17:59', '2011-05-29_17-17-59_351.jpg', '\\img\\2011\\05-29\\2011-05-29_17-17-59_351.jpg', 32),
	(2053, '2011-05-29 14:39:33', '2011-05-29_17-39-33_266.jpg', '\\img\\2011\\05-29\\2011-05-29_17-39-33_266.jpg', 32),
	(2054, '2011-05-29 14:41:09', '2011-05-29_17-41-08_750.jpg', '\\img\\2011\\05-29\\2011-05-29_17-41-08_750.jpg', 32),
	(2055, '2011-05-29 14:41:06', '2011-05-29_17-41-06_101.jpg', '\\img\\2011\\05-29\\2011-05-29_17-41-06_101.jpg', 32),
	(2056, '2011-05-29 15:51:04', '2011-05-29_18-51-04_390.jpg', '\\img\\2011\\05-29\\2011-05-29_18-51-04_390.jpg', 32),
	(2057, '2011-05-29 14:59:27', '2011-05-29_17-59-26_851.jpg', '\\img\\2011\\05-29\\2011-05-29_17-59-26_851.jpg', 90),
	(2058, '2011-05-29 15:14:15', '2011-05-29_18-14-14_483.jpg', 'img/2011/05-29/2011-05-29_18-14-14_483.jpg', 90),
	(2059, '2011-05-29 14:40:24', '2011-05-29_17-40-24_156.jpg', '\\img\\2011\\05-29\\2011-05-29_17-40-24_156.jpg', 90),
	(2060, '2011-05-29 16:01:28', '2011-05-29_19-01-27_543.jpg', '\\img\\2011\\05-29\\2011-05-29_19-01-27_543.jpg', 90),
	(2061, '2011-05-29 14:59:31', '2011-05-29_17-59-31_312.jpg', '\\img\\2011\\05-29\\2011-05-29_17-59-31_312.jpg', 90),
	(2062, '2011-05-29 14:59:21', '2011-05-29_17-59-21_163.jpg', '\\img\\2011\\05-29\\2011-05-29_17-59-21_163.jpg', 90),
	(2063, '2011-05-29 16:01:30', '2011-05-29_19-01-30_577.jpg', '\\img\\2011\\05-29\\2011-05-29_19-01-30_577.jpg', 90),
	(2064, '2011-05-29 15:14:12', '2011-05-29_18-14-11_681.jpg', '\\img\\2011\\05-29\\2011-05-29_18-14-11_681.jpg', 90),
	(2065, '2011-05-29 15:32:20', '2011-05-29_18-32-20_851.jpg', 'img/2011/05-29/2011-05-29_18-32-20_851.jpg', 86),
	(2066, '2011-05-29 15:32:00', '2011-05-29_18-32-00_39.jpg', '\\img\\2011\\05-29\\2011-05-29_18-32-00_39.jpg', 86),
	(2068, '2011-05-30 12:35:57', '2011-05-30_15-35-56_585.jpg', 'img/2011/05-30/2011-05-30_15-35-56_585.jpg', 33),
	(2069, '2011-05-30 12:42:04', '2011-05-30_15-42-04_23.jpg', 'img/2011/05-30/2011-05-30_15-42-04_23.jpg', 33),
	(2070, '2011-05-30 12:55:37', '2011-05-30_15-55-36_868.jpg', '\\img\\2011\\05-30\\2011-05-30_15-55-36_868.jpg', 33),
	(2071, '2011-05-30 12:55:32', '2011-05-30_15-55-32_1.jpg', '\\img\\2011\\05-30\\2011-05-30_15-55-32_1.jpg', 33),
	(2072, '2011-05-30 13:17:00', '2011-05-30_16-17-00_507.jpg', 'img/2011/05-30/2011-05-30_16-17-00_507.jpg', 33),
	(2073, '2011-05-30 13:06:29', '2011-05-30_16-06-29_472.jpg', '\\img\\2011\\05-30\\2011-05-30_16-06-29_472.jpg', 33),
	(2074, '2011-05-30 13:51:50', '2011-05-30_16-51-50_585.jpg', 'img/2011/05-30/2011-05-30_16-51-50_585.jpg', 33),
	(2075, '2011-05-30 13:57:28', '2011-05-30_16-57-27_776.jpg', 'img/2011/05-30/2011-05-30_16-57-27_776.jpg', 33),
	(2076, '2011-05-30 13:59:03', '2011-05-30_16-59-02_547.jpg', 'img/2011/05-30/2011-05-30_16-59-02_547.jpg', 33),
	(2077, '2011-05-30 13:50:36', '2011-05-30_16-50-36_77.jpg', 'img/2011/05-30/2011-05-30_16-50-36_77.jpg', 33),
	(2078, '2011-05-30 13:55:45', '2011-05-30_16-55-44_760.jpg', '\\img\\2011\\05-30\\2011-05-30_16-55-44_760.jpg', 33),
	(2079, '2011-05-30 13:14:10', '2011-05-30_16-14-10_234.jpg', '\\img\\2011\\05-30\\2011-05-30_16-14-10_234.jpg', 33),
	(2080, '2011-05-30 13:14:49', '2011-05-30_16-14-48_863.jpg', 'img/2011/05-30/2011-05-30_16-14-48_863.jpg', 33),
	(2081, '2011-05-30 13:12:15', '2011-05-30_16-12-15_390.jpg', 'img/2011/05-30/2011-05-30_16-12-15_390.jpg', 33),
	(2082, '2011-05-30 13:50:27', '2011-05-30_16-50-27_38.jpg', '\\img\\2011\\05-30\\2011-05-30_16-50-27_38.jpg', 33),
	(2083, '2011-05-30 13:14:31', '2011-05-30_16-14-31_676.jpg', '\\img\\2011\\05-30\\2011-05-30_16-14-31_676.jpg', 33),
	(2085, '2011-05-30 13:37:31', '2011-05-30_16-37-31_320.jpg', '\\img\\2011\\05-30\\2011-05-30_16-37-31_320.jpg', 33),
	(2086, '2011-05-30 13:14:13', '2011-05-30_16-14-13_319.jpg', 'img/2011/05-30/2011-05-30_16-14-13_319.jpg', 33),
	(2087, '2011-05-30 13:55:40', '2011-05-30_16-55-40_445.jpg', 'img/2011/05-30/2011-05-30_16-55-40_445.jpg', 33),
	(2088, '2011-05-30 13:36:54', '2011-05-30_16-36-53_913.jpg', 'img/2011/05-30/2011-05-30_16-36-53_913.jpg', 33),
	(2089, '2011-05-30 13:53:07', '2011-05-30_16-53-07_144.jpg', '\\img\\2011\\05-30\\2011-05-30_16-53-07_144.jpg', 33),
	(2091, '2011-05-30 13:14:45', '2011-05-30_16-14-45_75.jpg', 'img/2011/05-30/2011-05-30_16-14-45_75.jpg', 33),
	(2092, '2011-05-30 13:22:00', '2011-05-30_16-21-59_814.jpg', '\\img\\2011\\05-30\\2011-05-30_16-21-59_814.jpg', 33),
	(2093, '2011-05-30 13:34:21', '2011-05-30_16-34-21_419.jpg', 'img/2011/05-30/2011-05-30_16-34-21_419.jpg', 33),
	(2095, '2011-05-30 13:54:21', '2011-05-30_16-54-21_121.jpg', 'img/2011/05-30/2011-05-30_16-54-21_121.jpg', 33),
	(2122, '2011-05-31 11:44:55', '2011-05-31_11-44-55_879.jpg', 'img/2011/05-31/2011-05-31_11-44-55_879.jpg', 31),
	(2123, '2011-05-31 12:09:31', '2011-05-31_12-09-31_307.jpg', 'img/2011/05-31/2011-05-31_12-09-31_307.jpg', 31),
	(2124, '2011-05-31 12:36:33', '2011-05-31_12-36-33_218.jpg', '\\img\\2011\\05-31\\2011-05-31_12-36-33_218.jpg', 31),
	(2125, '2011-05-31 12:34:54', '2011-05-31_12-34-54_318.jpg', '\\img\\2011\\05-31\\2011-05-31_12-34-54_318.jpg', 31),
	(2126, '2011-05-31 12:44:13', '2011-05-31_12-44-13_1.jpg', '\\img\\2011\\05-31\\2011-05-31_12-44-13_1.jpg', 31),
	(2127, '2011-05-31 13:25:34', '2011-05-31_13-25-34_718.jpg', '\\img\\2011\\05-31\\2011-05-31_13-25-34_718.jpg', 31),
	(2128, '2011-05-31 13:15:20', '2011-05-31_13-15-19_890.jpg', '\\img\\2011\\05-31\\2011-05-31_13-15-19_890.jpg', 31),
	(2129, '2011-05-31 13:23:46', '2011-05-31_13-23-46_249.jpg', '\\img\\2011\\05-31\\2011-05-31_13-23-46_249.jpg', 31),
	(2130, '2011-05-31 12:56:45', '2011-05-31_12-56-45_230.jpg', '\\img\\2011\\05-31\\2011-05-31_12-56-45_230.jpg', 31),
	(2131, '2011-05-31 13:09:40', '2011-05-31_13-09-39_966.jpg', '\\img\\2011\\05-31\\2011-05-31_13-09-39_966.jpg', 31),
	(2132, '2011-05-31 13:30:57', '2011-05-31_13-30-56_874.jpg', '\\img\\2011\\05-31\\2011-05-31_13-30-56_874.jpg', 31),
	(2133, '2011-05-31 14:20:58', '2011-05-31_14-20-58_281.jpg', 'img/2011/05-31/2011-05-31_14-20-58_281.jpg', 31),
	(2134, '2011-05-31 14:21:03', '2011-05-31_14-21-02_905.jpg', '\\img\\2011\\05-31\\2011-05-31_14-21-02_905.jpg', 31),
	(2135, '2011-05-31 14:48:37', '2011-05-31_14-48-37_171.jpg', '\\img\\2011\\05-31\\2011-05-31_14-48-37_171.jpg', 31),
	(2136, '2011-05-31 15:03:29', '2011-05-31_15-03-29_121.jpg', '\\img\\2011\\05-31\\2011-05-31_15-03-29_121.jpg', 31),
	(2137, '2011-05-31 15:06:32', '2011-05-31_15-06-32_275.jpg', '\\img\\2011\\05-31\\2011-05-31_15-06-32_275.jpg', 31),
	(2138, '2011-05-31 15:07:13', '2011-05-31_15-07-13_126.jpg', '\\img\\2011\\05-31\\2011-05-31_15-07-13_126.jpg', 31),
	(2139, '2011-05-31 15:24:23', '2011-05-31_15-24-22_887.jpg', '\\img\\2011\\05-31\\2011-05-31_15-24-22_887.jpg', 34),
	(2140, '2011-05-31 15:37:21', '2011-05-31_15-37-21_119.jpg', '\\img\\2011\\05-31\\2011-05-31_15-37-21_119.jpg', 31),
	(2141, '2011-05-31 15:38:22', '2011-05-31_15-38-21_949.jpg', '\\img\\2011\\05-31\\2011-05-31_15-38-21_949.jpg', 31),
	(2142, '2011-05-31 15:18:10', '2011-05-31_15-18-09_864.jpg', '\\img\\2011\\05-31\\2011-05-31_15-18-09_864.jpg', 31),
	(2143, '2011-05-31 15:36:40', '2011-05-31_15-36-40_679.jpg', '\\img\\2011\\05-31\\2011-05-31_15-36-40_679.jpg', 31),
	(2144, '2011-05-31 15:45:28', '2011-05-31_15-45-28_601.jpg', '\\img\\2011\\05-31\\2011-05-31_15-45-28_601.jpg', 31),
	(2145, '2011-05-31 15:32:34', '2011-05-31_15-32-33_976.jpg', '\\img\\2011\\05-31\\2011-05-31_15-32-33_976.jpg', 31),
	(2146, '2011-05-31 15:33:21', '2011-05-31_15-33-21_546.jpg', '\\img\\2011\\05-31\\2011-05-31_15-33-21_546.jpg', 31),
	(2147, '2011-05-31 15:34:50', '2011-05-31_15-34-50_702.jpg', '\\img\\2011\\05-31\\2011-05-31_15-34-50_702.jpg', 31),
	(2148, '2011-05-31 15:48:43', '2011-05-31_15-48-42_812.jpg', '\\img\\2011\\05-31\\2011-05-31_15-48-42_812.jpg', 31),
	(2149, '2011-05-31 15:44:15', '2011-05-31_15-44-15_489.jpg', '\\img\\2011\\05-31\\2011-05-31_15-44-15_489.jpg', 31),
	(2150, '2011-05-31 15:32:26', '2011-05-31_15-32-26_523.jpg', '\\img\\2011\\05-31\\2011-05-31_15-32-26_523.jpg', 31),
	(2151, '2011-05-31 15:42:55', '2011-05-31_15-42-54_960.jpg', '\\img\\2011\\05-31\\2011-05-31_15-42-54_960.jpg', 31),
	(2152, '2011-05-31 15:46:35', '2011-05-31_15-46-35_343.jpg', '\\img\\2011\\05-31\\2011-05-31_15-46-35_343.jpg', 31),
	(2153, '2011-05-31 15:33:30', '2011-05-31_15-33-30_417.jpg', '\\img\\2011\\05-31\\2011-05-31_15-33-30_417.jpg', 31),
	(2154, '2011-05-31 15:35:52', '2011-05-31_15-35-52_15.jpg', '\\img\\2011\\05-31\\2011-05-31_15-35-52_15.jpg', 31),
	(2155, '2011-05-31 15:47:44', '2011-05-31_15-47-44_256.jpg', '\\img\\2011\\05-31\\2011-05-31_15-47-44_256.jpg', 31),
	(2156, '2011-05-31 15:54:24', '2011-05-31_15-54-24_734.jpg', '\\img\\2011\\05-31\\2011-05-31_15-54-24_734.jpg', 31),
	(2157, '2011-05-31 16:10:22', '2011-05-31_16-10-21_855.jpg', '\\img\\2011\\05-31\\2011-05-31_16-10-21_855.jpg', 34),
	(2158, '2011-05-31 15:38:35', '2011-05-31_15-38-34_891.jpg', '\\img\\2011\\05-31\\2011-05-31_15-38-34_891.jpg', 34),
	(2159, '2011-05-31 15:57:06', '2011-05-31_15-57-05_940.jpg', '\\img\\2011\\05-31\\2011-05-31_15-57-05_940.jpg', 34),
	(2160, '2011-05-31 15:56:20', '2011-05-31_15-56-19_976.jpg', '\\img\\2011\\05-31\\2011-05-31_15-56-19_976.jpg', 34),
	(2161, '2011-05-31 15:57:09', '2011-05-31_15-57-09_195.jpg', '\\img\\2011\\05-31\\2011-05-31_15-57-09_195.jpg', 34),
	(2162, '2011-05-31 16:08:03', '2011-05-31_16-08-03_270.jpg', '\\img\\2011\\05-31\\2011-05-31_16-08-03_270.jpg', 34),
	(2163, '2011-05-31 15:54:41', '2011-05-31_15-54-41_210.jpg', '\\img\\2011\\05-31\\2011-05-31_15-54-41_210.jpg', 34),
	(2164, '2011-05-31 15:57:42', '2011-05-31_15-57-42_521.jpg', '\\img\\2011\\05-31\\2011-05-31_15-57-42_521.jpg', 34),
	(2165, '2011-05-31 16:06:19', '2011-05-31_16-06-19_219.jpg', '\\img\\2011\\05-31\\2011-05-31_16-06-19_219.jpg', 34),
	(2166, '2011-05-31 15:54:11', '2011-05-31_15-54-10_974.jpg', 'img/2011/05-31/2011-05-31_15-54-10_974.jpg', 34),
	(2167, '2011-05-31 15:40:06', '2011-05-31_15-40-06_535.jpg', 'img/2011/05-31/2011-05-31_15-40-06_535.jpg', 34),
	(2168, '2011-05-31 15:55:19', '2011-05-31_15-55-18_847.jpg', '\\img\\2011\\05-31\\2011-05-31_15-55-18_847.jpg', 34),
	(2169, '2011-05-31 15:58:36', '2011-05-31_15-58-36_342.jpg', '\\img\\2011\\05-31\\2011-05-31_15-58-36_342.jpg', 34),
	(2170, '2011-05-31 16:05:04', '2011-05-31_16-05-03_868.jpg', '\\img\\2011\\05-31\\2011-05-31_16-05-03_868.jpg', 34),
	(2171, '2011-05-31 16:09:17', '2011-05-31_16-09-17_296.jpg', '\\img\\2011\\05-31\\2011-05-31_16-09-17_296.jpg', 34),
	(2172, '2011-05-31 16:03:52', '2011-05-31_16-03-51_679.jpg', '\\img\\2011\\05-31\\2011-05-31_16-03-51_679.jpg', 34),
	(2173, '2011-05-31 15:52:12', '2011-05-31_15-52-12_86.jpg', '\\img\\2011\\05-31\\2011-05-31_15-52-12_86.jpg', 34),
	(2174, '2011-05-31 16:11:31', '2011-05-31_16-11-30_843.jpg', '\\img\\2011\\05-31\\2011-05-31_16-11-30_843.jpg', 34),
	(2175, '2011-05-31 18:10:47', '2011-05-31_18-10-46_851.jpg', '\\img\\2011\\05-31\\2011-05-31_18-10-46_851.jpg', 87),
	(2176, '2011-05-31 18:11:17', '2011-05-31_18-11-17_110.jpg', '\\img\\2011\\05-31\\2011-05-31_18-11-17_110.jpg', 87),
	(2177, '2011-05-31 18:11:54', '2011-05-31_18-11-54_203.jpg', 'img/2011/05-31/2011-05-31_18-11-54_203.jpg', 87),
	(2178, '2011-05-31 18:12:07', '2011-05-31_18-12-07_564.jpg', 'img/2011/05-31/2011-05-31_18-12-07_564.jpg', 87),
	(2179, '2011-05-31 18:12:40', '2011-05-31_18-12-39_759.jpg', 'img/2011/05-31/2011-05-31_18-12-39_759.jpg', 87),
	(2180, '2011-05-31 18:12:15', '2011-05-31_18-12-14_827.jpg', 'img/2011/05-31/2011-05-31_18-12-14_827.jpg', 87),
	(2181, '2011-05-31 18:12:00', '2011-05-31_18-12-00_618.jpg', 'img/2011/05-31/2011-05-31_18-12-00_618.jpg', 87),
	(2182, '2011-05-28 13:02:34', '2011-05-28_13-02-33_932.jpg', '\\img\\2011\\05-28\\2011-05-28_13-02-33_932.jpg', 86),
	(2183, '2011-05-31 19:56:13', '2011-05-31_19-56-13_672.jpg', 'img/2011/05-31/2011-05-31_19-56-13_672.jpg', 86),
	(2184, '2011-05-31 20:13:40', '2011-05-31_20-13-40_553.jpg', 'img/2011/05-31/2011-05-31_20-13-40_553.jpg', 92),
	(2186, '2011-06-01 10:24:32', '2011-06-01_10-24-32_165.jpg', 'img/2011/06-01/2011-06-01_10-24-32_165.jpg', 34),
	(2187, '2011-06-01 10:58:21', '2011-06-01_10-58-21_443.jpg', 'img/2011/06-01/2011-06-01_10-58-21_443.jpg', 34),
	(2188, '2011-06-01 10:59:40', '2011-06-01_10-59-40_207.jpg', 'img/2011/06-01/2011-06-01_10-59-40_207.jpg', 34),
	(2189, '2011-06-01 10:58:14', '2011-06-01_10-58-13_622.jpg', 'img/2011/06-01/2011-06-01_10-58-13_622.jpg', 34),
	(2190, '2011-06-01 11:42:03', '2011-06-01_11-42-03_279.jpg', 'img/2011/06-01/2011-06-01_11-42-03_279.jpg', 34),
	(2191, '2011-06-01 11:41:21', '2011-06-01_11-41-20_418.jpg', 'img/2011/06-01/2011-06-01_11-41-20_418.jpg', 34),
	(2192, '2011-06-01 11:18:25', '2011-06-01_11-18-25_132.jpg', 'img/2011/06-01/2011-06-01_11-18-25_132.jpg', 34),
	(2193, '2011-06-01 12:00:47', '2011-06-01_12-00-47_132.jpg', 'img/2011/06-01/2011-06-01_12-00-47_132.jpg', 34),
	(2194, '2011-06-01 11:37:02', '2011-06-01_11-37-01_655.jpg', 'img/2011/06-01/2011-06-01_11-37-01_655.jpg', 34),
	(2195, '2011-06-01 11:40:21', '2011-06-01_11-40-21_385.jpg', 'img/2011/06-01/2011-06-01_11-40-21_385.jpg', 34),
	(2196, '2011-06-01 11:38:46', '2011-06-01_11-38-46_187.jpg', 'img/2011/06-01/2011-06-01_11-38-46_187.jpg', 34),
	(2197, '2011-06-01 11:16:10', '2011-06-01_11-16-09_891.jpg', 'img/2011/06-01/2011-06-01_11-16-09_891.jpg', 34),
	(2198, '2011-06-01 11:37:52', '2011-06-01_11-37-52_260.jpg', 'img/2011/06-01/2011-06-01_11-37-52_260.jpg', 34),
	(2199, '2011-06-02 12:08:10', '2011-06-02_12-08-09_335.jpg', 'img/2011/06-02/2011-06-02_12-08-09_335.jpg', 34),
	(2200, '2011-06-02 13:36:54', '2011-06-02_13-36-53_671.jpg', 'img/2011/06-02/2011-06-02_13-36-53_671.jpg', 86),
	(2201, '2011-06-02 13:39:18', '2011-06-02_13-39-18_71.jpg', 'img/2011/06-02/2011-06-02_13-39-18_71.jpg', 87),
	(2202, '2011-06-02 13:11:50', '2011-06-02_13-11-50_325.jpg', '\\img\\2011\\06-02\\2011-06-02_13-11-50_325.jpg', 34),
	(2203, '2011-06-02 13:26:59', '2011-06-02_13-26-59_202.jpg', '\\img\\2011\\06-02\\2011-06-02_13-26-59_202.jpg', 34),
	(2204, '2011-06-02 13:37:55', '2011-06-02_13-37-55_313.jpg', 'img/2011/06-02/2011-06-02_13-37-55_313.jpg', 34),
	(2205, '2011-06-02 13:15:50', '2011-06-02_13-15-50_38.jpg', 'img/2011/06-02/2011-06-02_13-15-50_38.jpg', 34),
	(2206, '2011-06-02 13:36:28', '2011-06-02_13-36-27_830.jpg', '\\img\\2011\\06-02\\2011-06-02_13-36-27_830.jpg', 34),
	(2207, '2011-06-02 13:29:39', '2011-06-02_13-29-39_66.jpg', 'img/2011/06-02/2011-06-02_13-29-39_66.jpg', 34),
	(2208, '2011-06-02 13:28:48', '2011-06-02_13-28-48_716.jpg', 'img/2011/06-02/2011-06-02_13-28-48_716.jpg', 34),
	(2209, '2011-06-02 13:41:20', '2011-06-02_13-41-19_533.jpg', '\\img\\2011\\06-02\\2011-06-02_13-41-19_533.jpg', 34),
	(2210, '2011-06-02 13:31:13', '2011-06-02_13-31-13_62.jpg', '\\img\\2011\\06-02\\2011-06-02_13-31-13_62.jpg', 34),
	(2211, '2011-06-02 13:27:02', '2011-06-02_13-27-01_591.jpg', 'img/2011/06-02/2011-06-02_13-27-01_591.jpg', 34),
	(2212, '2011-06-02 12:49:27', '2011-06-02_12-49-27_100.jpg', '\\img\\2011\\06-02\\2011-06-02_12-49-27_100.jpg', 34),
	(2213, '2011-06-02 12:50:31', '2011-06-02_12-50-31_116.jpg', 'img/2011/06-02/2011-06-02_12-50-31_116.jpg', 34),
	(2214, '2011-06-02 13:39:34', '2011-06-02_13-39-33_848.jpg', 'img/2011/06-02/2011-06-02_13-39-33_848.jpg', 34),
	(2215, '2011-06-02 13:11:53', '2011-06-02_13-11-52_914.jpg', 'img/2011/06-02/2011-06-02_13-11-52_914.jpg', 34),
	(2216, '2011-06-02 13:27:48', '2011-06-02_13-27-48_250.jpg', 'img/2011/06-02/2011-06-02_13-27-48_250.jpg', 34),
	(2217, '2011-06-02 13:15:52', '2011-06-02_13-15-52_452.jpg', 'img/2011/06-02/2011-06-02_13-15-52_452.jpg', 34),
	(2218, '2011-06-02 13:13:22', '2011-06-02_13-13-21_767.jpg', 'img/2011/06-02/2011-06-02_13-13-21_767.jpg', 34),
	(2219, '2011-06-02 13:13:24', '2011-06-02_13-13-24_329.jpg', 'img/2011/06-02/2011-06-02_13-13-24_329.jpg', 34),
	(2220, '2011-06-02 12:49:54', '2011-06-02_12-49-54_522.jpg', 'img/2011/06-02/2011-06-02_12-49-54_522.jpg', 34),
	(2221, '2011-06-02 13:46:19', '2011-06-02_13-46-19_406.jpg', 'img/2011/06-02/2011-06-02_13-46-19_406.jpg', 34),
	(2222, '2011-06-02 13:15:15', '2011-06-02_13-15-14_648.jpg', 'img/2011/06-02/2011-06-02_13-15-14_648.jpg', 34),
	(2223, '2011-06-02 12:50:01', '2011-06-02_12-50-00_750.jpg', 'img/2011/06-02/2011-06-02_12-50-00_750.jpg', 34),
	(2224, '2011-06-02 13:36:30', '2011-06-02_13-36-29_916.jpg', 'img/2011/06-02/2011-06-02_13-36-29_916.jpg', 34),
	(2225, '2011-06-02 13:27:50', '2011-06-02_13-27-50_719.jpg', 'img/2011/06-02/2011-06-02_13-27-50_719.jpg', 34),
	(2226, '2011-06-02 13:11:47', '2011-06-02_13-11-47_125.jpg', 'img/2011/06-02/2011-06-02_13-11-47_125.jpg', 34),
	(2227, '2011-06-02 13:29:46', '2011-06-02_13-29-46_723.jpg', 'img/2011/06-02/2011-06-02_13-29-46_723.jpg', 34),
	(2228, '2011-06-02 13:42:49', '2011-06-02_13-42-48_921.jpg', 'img/2011/06-02/2011-06-02_13-42-48_921.jpg', 34),
	(2229, '2011-06-02 12:50:28', '2011-06-02_12-50-28_400.jpg', 'img/2011/06-02/2011-06-02_12-50-28_400.jpg', 34),
	(2230, '2011-06-02 12:42:05', '2011-06-02_12-42-05_248.jpg', 'img/2011/06-02/2011-06-02_12-42-05_248.jpg', 34),
	(2231, '2011-06-02 13:29:51', '2011-06-02_13-29-50_985.jpg', 'img/2011/06-02/2011-06-02_13-29-50_985.jpg', 34),
	(2232, '2011-06-02 13:46:22', '2011-06-02_13-46-22_31.jpg', 'img/2011/06-02/2011-06-02_13-46-22_31.jpg', 34),
	(2233, '2011-06-02 12:41:59', '2011-06-02_12-41-59_132.jpg', 'img/2011/06-02/2011-06-02_12-41-59_132.jpg', 34),
	(2234, '2011-06-02 14:52:57', '2011-06-02_14-52-56_913.jpg', 'img/2011/06-02/2011-06-02_14-52-56_913.jpg', 87),
	(2236, '2011-06-02 14:53:48', '2011-06-02_14-53-48_219.jpg', 'img/2011/06-02/2011-06-02_14-53-48_219.jpg', 87),
	(2237, '2011-06-02 14:53:55', '2011-06-02_14-53-55_121.jpg', 'img/2011/06-02/2011-06-02_14-53-55_121.jpg', 87),
	(2238, '2011-06-02 14:48:42', '2011-06-02_14-48-42_454.jpg', 'img/2011/06-02/2011-06-02_14-48-42_454.jpg', 33),
	(2239, '2011-06-02 16:01:13', '2011-06-02_16-01-12_882.jpg', 'img/2011/06-02/2011-06-02_16-01-12_882.jpg', 33),
	(2240, '2011-06-02 15:59:19', '2011-06-02_15-59-19_34.jpg', 'img/2011/06-02/2011-06-02_15-59-19_34.jpg', 33),
	(2241, '2011-06-02 15:11:03', '2011-06-02_15-11-02_898.jpg', 'img/2011/06-02/2011-06-02_15-11-02_898.jpg', 33),
	(2242, '2011-06-02 16:05:14', '2011-06-02_16-05-13_890.jpg', 'img/2011/06-02/2011-06-02_16-05-13_890.jpg', 33),
	(2243, '2011-06-02 15:24:03', '2011-06-02_15-24-02_526.jpg', 'img/2011/06-02/2011-06-02_15-24-02_526.jpg', 33),
	(2244, '2011-06-02 16:05:18', '2011-06-02_16-05-18_595.jpg', 'img/2011/06-02/2011-06-02_16-05-18_595.jpg', 33),
	(2245, '2011-06-02 15:35:47', '2011-06-02_15-35-47_296.jpg', 'img/2011/06-02/2011-06-02_15-35-47_296.jpg', 33),
	(2246, '2011-06-02 16:05:16', '2011-06-02_16-05-16_83.jpg', 'img/2011/06-02/2011-06-02_16-05-16_83.jpg', 33),
	(2247, '2011-06-02 15:57:42', '2011-06-02_15-57-41_554.jpg', 'img/2011/06-02/2011-06-02_15-57-41_554.jpg', 33),
	(2248, '2011-06-02 15:35:49', '2011-06-02_15-35-49_612.jpg', 'img/2011/06-02/2011-06-02_15-35-49_612.jpg', 33),
	(2249, '2011-06-02 16:01:11', '2011-06-02_16-01-10_772.jpg', 'img/2011/06-02/2011-06-02_16-01-10_772.jpg', 33),
	(2250, '2011-06-02 15:24:05', '2011-06-02_15-24-05_400.jpg', 'img/2011/06-02/2011-06-02_15-24-05_400.jpg', 33),
	(2251, '2011-06-02 15:11:05', '2011-06-02_15-11-05_148.jpg', 'img/2011/06-02/2011-06-02_15-11-05_148.jpg', 33),
	(2252, '2011-06-02 15:57:44', '2011-06-02_15-57-43_757.jpg', 'img/2011/06-02/2011-06-02_15-57-43_757.jpg', 33),
	(2253, '2011-06-02 15:35:52', '2011-06-02_15-35-51_781.jpg', 'img/2011/06-02/2011-06-02_15-35-51_781.jpg', 33),
	(2254, '2011-06-02 15:59:21', '2011-06-02_15-59-21_68.jpg', 'img/2011/06-02/2011-06-02_15-59-21_68.jpg', 33),
	(2255, '2011-06-02 20:01:03', '2011-06-02_20-01-02_773.jpg', '\\img\\2011\\06-02\\2011-06-02_20-01-02_773.jpg', 87),
	(2256, '2011-06-02 20:01:12', '2011-06-02_20-01-12_666.jpg', '\\img\\2011\\06-02\\2011-06-02_20-01-12_666.jpg', 87),
	(2257, '2011-06-03 15:16:09', '2011-06-03_15-16-09_7.jpg', 'img/2011/06-03/2011-06-03_15-16-09_7.jpg', 34),
	(2258, '2011-06-03 15:58:54', '2011-06-03_15-58-54_256.jpg', '\\img\\2011\\06-03\\2011-06-03_15-58-54_256.jpg', 33),
	(2259, '2011-06-03 16:02:25', '2011-06-03_16-02-24_935.jpg', '\\img\\2011\\06-03\\2011-06-03_16-02-24_935.jpg', 33),
	(2260, '2011-06-03 15:50:19', '2011-06-03_15-50-19_55.jpg', '\\img\\2011\\06-03\\2011-06-03_15-50-19_55.jpg', 34),
	(2261, '2011-06-03 15:50:45', '2011-06-03_15-50-45_212.jpg', 'img/2011/06-03/2011-06-03_15-50-45_212.jpg', 34),
	(2262, '2011-06-03 16:05:14', '2011-06-03_16-05-14_577.jpg', 'img/2011/06-03/2011-06-03_16-05-14_577.jpg', 34),
	(2263, '2011-06-03 15:50:58', '2011-06-03_15-50-58_327.jpg', 'img/2011/06-03/2011-06-03_15-50-58_327.jpg', 34),
	(2264, '2011-06-03 16:15:06', '2011-06-03_16-15-06_672.jpg', '\\img\\2011\\06-03\\2011-06-03_16-15-06_672.jpg', 33),
	(2265, '2011-06-03 16:07:30', '2011-06-03_16-07-30_562.jpg', 'img/2011/06-03/2011-06-03_16-07-30_562.jpg', 34),
	(2266, '2011-06-03 16:41:32', '2011-06-03_16-41-32_616.jpg', '\\img\\2011\\06-03\\2011-06-03_16-41-32_616.jpg', 86),
	(2267, '2011-06-03 16:41:12', '2011-06-03_16-41-12_63.jpg', 'img/2011/06-03/2011-06-03_16-41-12_63.jpg', 86),
	(2268, '2011-06-03 16:59:58', '2011-06-03_16-59-57_827.jpg', 'img/2011/06-03/2011-06-03_16-59-57_827.jpg', 34),
	(2269, '2011-06-03 16:34:27', '2011-06-03_16-34-27_491.jpg', 'img/2011/06-03/2011-06-03_16-34-27_491.jpg', 34),
	(2270, '2011-06-03 17:02:39', '2011-06-03_17-02-39_571.jpg', 'img/2011/06-03/2011-06-03_17-02-39_571.jpg', 34),
	(2271, '2011-06-03 16:59:47', '2011-06-03_16-59-47_418.jpg', 'img/2011/06-03/2011-06-03_16-59-47_418.jpg', 34),
	(2272, '2011-06-03 17:05:08', '2011-06-03_17-05-08_334.jpg', 'img/2011/06-03/2011-06-03_17-05-08_334.jpg', 34),
	(2273, '2011-06-03 16:55:09', '2011-06-03_16-55-09_239.jpg', 'img/2011/06-03/2011-06-03_16-55-09_239.jpg', 34),
	(2274, '2011-06-03 16:24:07', '2011-06-03_16-24-06_872.jpg', 'img/2011/06-03/2011-06-03_16-24-06_872.jpg', 34),
	(2275, '2011-06-03 16:57:18', '2011-06-03_16-57-17_765.jpg', 'img/2011/06-03/2011-06-03_16-57-17_765.jpg', 34),
	(2276, '2011-06-03 16:22:35', '2011-06-03_16-22-35_62.jpg', 'img/2011/06-03/2011-06-03_16-22-35_62.jpg', 34),
	(2277, '2011-06-03 16:22:15', '2011-06-03_16-22-15_617.jpg', 'img/2011/06-03/2011-06-03_16-22-15_617.jpg', 34),
	(2278, '2011-06-03 16:57:28', '2011-06-03_16-57-27_835.jpg', 'img/2011/06-03/2011-06-03_16-57-27_835.jpg', 34),
	(2279, '2011-06-03 17:10:34', '2011-06-03_17-10-33_984.jpg', 'img/2011/06-03/2011-06-03_17-10-33_984.jpg', 34),
	(2280, '2011-06-03 17:16:11', '2011-06-03_17-16-11_218.jpg', '\\img\\2011\\06-03\\2011-06-03_17-16-11_218.jpg', 87),
	(2281, '2011-06-03 17:16:30', '2011-06-03_17-16-30_101.jpg', '\\img\\2011\\06-03\\2011-06-03_17-16-30_101.jpg', 87),
	(2282, '2011-06-03 17:17:12', '2011-06-03_17-17-12_4.jpg', 'img/2011/06-03/2011-06-03_17-17-12_4.jpg', 87),
	(2283, '2011-06-03 17:17:01', '2011-06-03_17-17-00_805.jpg', 'img/2011/06-03/2011-06-03_17-17-00_805.jpg', 87),
	(2284, '2011-06-03 17:17:44', '2011-06-03_17-17-43_843.jpg', '\\img\\2011\\06-03\\2011-06-03_17-17-43_843.jpg', 87),
	(2285, '2011-06-03 17:19:38', '2011-06-03_17-19-37_968.jpg', '\\img\\2011\\06-03\\2011-06-03_17-19-37_968.jpg', 87),
	(2286, '2011-06-03 17:19:35', '2011-06-03_17-19-35_632.jpg', 'img/2011/06-03/2011-06-03_17-19-35_632.jpg', 87),
	(2287, '2011-06-03 17:21:01', '2011-06-03_17-21-01_16.jpg', '\\img\\2011\\06-03\\2011-06-03_17-21-01_16.jpg', 87),
	(2288, '2011-06-03 17:21:10', '2011-06-03_17-21-10_585.jpg', '\\img\\2011\\06-03\\2011-06-03_17-21-10_585.jpg', 87),
	(2289, '2011-06-03 17:21:07', '2011-06-03_17-21-06_978.jpg', 'img/2011/06-03/2011-06-03_17-21-06_978.jpg', 87),
	(2290, '2011-06-03 17:21:40', '2011-06-03_17-21-40_210.jpg', 'img/2011/06-03/2011-06-03_17-21-40_210.jpg', 87),
	(2291, '2011-06-03 17:21:51', '2011-06-03_17-21-50_771.jpg', '\\img\\2011\\06-03\\2011-06-03_17-21-50_771.jpg', 87),
	(2292, '2011-06-03 17:23:00', '2011-06-03_17-23-00_557.jpg', 'img/2011/06-03/2011-06-03_17-23-00_557.jpg', 87),
	(2293, '2011-06-03 17:22:00', '2011-06-03_17-22-00_414.jpg', 'img/2011/06-03/2011-06-03_17-22-00_414.jpg', 87),
	(2294, '2011-06-03 17:23:56', '2011-06-03_17-23-55_944.jpg', '\\img\\2011\\06-03\\2011-06-03_17-23-55_944.jpg', 87),
	(2295, '2011-06-03 17:40:54', '2011-06-03_17-40-53_976.jpg', 'img/2011/06-03/2011-06-03_17-40-53_976.jpg', 87),
	(2296, '2011-06-03 17:41:02', '2011-06-03_17-41-02_664.jpg', '\\img\\2011\\06-03\\2011-06-03_17-41-02_664.jpg', 87),
	(2297, '2011-06-03 17:41:29', '2011-06-03_17-41-29_119.jpg', '\\img\\2011\\06-03\\2011-06-03_17-41-29_119.jpg', 87),
	(2298, '2011-06-03 17:43:14', '2011-06-03_17-43-14_98.jpg', 'img/2011/06-03/2011-06-03_17-43-14_98.jpg', 87),
	(2299, '2011-06-03 17:42:11', '2011-06-03_17-42-11_10.jpg', '\\img\\2011\\06-03\\2011-06-03_17-42-11_10.jpg', 87),
	(2300, '2011-06-03 17:42:24', '2011-06-03_17-42-24_582.jpg', 'img/2011/06-03/2011-06-03_17-42-24_582.jpg', 87),
	(2301, '2011-06-03 17:44:11', '2011-06-03_17-44-10_770.jpg', '\\img\\2011\\06-03\\2011-06-03_17-44-10_770.jpg', 87),
	(2302, '2011-06-03 17:43:05', '2011-06-03_17-43-04_842.jpg', 'img/2011/06-03/2011-06-03_17-43-04_842.jpg', 87),
	(2303, '2011-06-03 17:43:26', '2011-06-03_17-43-26_499.jpg', '\\img\\2011\\06-03\\2011-06-03_17-43-26_499.jpg', 87),
	(2304, '2011-06-03 17:44:33', '2011-06-03_17-44-32_787.jpg', '\\img\\2011\\06-03\\2011-06-03_17-44-32_787.jpg', 87),
	(2305, '2011-06-03 18:00:34', '2011-06-03_18-00-34_228.jpg', '\\img\\2011\\06-03\\2011-06-03_18-00-34_228.jpg', 33),
	(2306, '2011-06-03 18:04:17', '2011-06-03_18-04-17_577.jpg', '\\img\\2011\\06-03\\2011-06-03_18-04-17_577.jpg', 33),
	(2307, '2011-06-03 17:32:19', '2011-06-03_17-32-19_203.jpg', '\\img\\2011\\06-03\\2011-06-03_17-32-19_203.jpg', 33),
	(2308, '2011-06-03 17:59:07', '2011-06-03_17-59-06_866.jpg', '\\img\\2011\\06-03\\2011-06-03_17-59-06_866.jpg', 33),
	(2309, '2011-06-03 17:53:41', '2011-06-03_17-53-41_515.jpg', '\\img\\2011\\06-03\\2011-06-03_17-53-41_515.jpg', 33),
	(2310, '2011-06-03 18:00:25', '2011-06-03_18-00-25_468.jpg', '\\img\\2011\\06-03\\2011-06-03_18-00-25_468.jpg', 33),
	(2311, '2011-06-03 18:04:06', '2011-06-03_18-04-06_719.jpg', '\\img\\2011\\06-03\\2011-06-03_18-04-06_719.jpg', 33),
	(2312, '2011-06-03 17:36:02', '2011-06-03_17-36-02_555.jpg', '\\img\\2011\\06-03\\2011-06-03_17-36-02_555.jpg', 33),
	(2313, '2011-06-03 18:02:01', '2011-06-03_18-02-00_851.jpg', '\\img\\2011\\06-03\\2011-06-03_18-02-00_851.jpg', 33),
	(2314, '2011-06-03 17:59:19', '2011-06-03_17-59-19_265.jpg', '\\img\\2011\\06-03\\2011-06-03_17-59-19_265.jpg', 33),
	(2315, '2011-06-03 17:01:18', '2011-06-03_17-01-17_562.jpg', '\\img\\2011\\06-03\\2011-06-03_17-01-17_562.jpg', 33),
	(2316, '2011-06-03 18:01:46', '2011-06-03_18-01-46_520.jpg', '\\img\\2011\\06-03\\2011-06-03_18-01-46_520.jpg', 33),
	(2320, '2011-06-04 10:39:55', '2011-06-04_10-39-55_239.jpg', '\\img\\2011\\06-04\\2011-06-04_10-39-55_239.jpg', 33),
	(2321, '2011-06-04 16:46:56', '2011-06-04_16-46-56_283.jpg', 'img/2011/06-04/2011-06-04_16-46-56_283.jpg', 87),
	(2322, '2011-06-04 16:50:06', '2011-06-04_16-50-06_734.jpg', 'img/2011/06-04/2011-06-04_16-50-06_734.jpg', 87),
	(2323, '2011-06-04 16:27:49', '2011-06-04_16-27-48_492.jpg', 'img/2011/06-04/2011-06-04_16-27-48_492.jpg', 91),
	(2324, '2011-06-04 16:50:44', '2011-06-04_16-50-43_390.jpg', 'img/2011/06-04/2011-06-04_16-50-43_390.jpg', 91),
	(2325, '2011-06-04 16:42:26', '2011-06-04_16-42-26_269.jpg', '\\img\\2011\\06-04\\2011-06-04_16-42-26_269.jpg', 34),
	(2326, '2011-06-04 16:36:50', '2011-06-04_16-36-50_395.jpg', '\\img\\2011\\06-04\\2011-06-04_16-36-50_395.jpg', 34),
	(2327, '2011-06-04 16:06:19', '2011-06-04_16-06-19_156.jpg', '\\img\\2011\\06-04\\2011-06-04_16-06-19_156.jpg', 34),
	(2329, '2011-06-04 17:24:25', '2011-06-04_17-24-25_398.jpg', 'img/2011/06-04/2011-06-04_17-24-25_398.jpg', 34),
	(2330, '2011-06-04 16:36:45', '2011-06-04_16-36-45_215.jpg', '\\img\\2011\\06-04\\2011-06-04_16-36-45_215.jpg', 34),
	(2331, '2011-06-04 16:06:41', '2011-06-04_16-06-41_266.jpg', 'img/2011/06-04/2011-06-04_16-06-41_266.jpg', 34),
	(2332, '2011-06-04 16:53:52', '2011-06-04_16-53-52_186.jpg', 'img/2011/06-04/2011-06-04_16-53-52_186.jpg', 87),
	(2333, '2011-06-04 16:53:10', '2011-06-04_16-53-10_376.jpg', 'img/2011/06-04/2011-06-04_16-53-10_376.jpg', 87),
	(2334, '2011-06-04 16:54:43', '2011-06-04_16-54-43_41.jpg', 'img/2011/06-04/2011-06-04_16-54-43_41.jpg', 87),
	(2335, '2011-06-04 16:49:43', '2011-06-04_16-49-43_695.jpg', 'img/2011/06-04/2011-06-04_16-49-43_695.jpg', 87),
	(2336, '2011-06-04 16:53:58', '2011-06-04_16-53-57_792.jpg', 'img/2011/06-04/2011-06-04_16-53-57_792.jpg', 87),
	(2337, '2011-06-04 16:47:14', '2011-06-04_16-47-13_782.jpg', 'img/2011/06-04/2011-06-04_16-47-13_782.jpg', 87),
	(2338, '2011-06-04 16:50:33', '2011-06-04_16-50-33_328.jpg', 'img/2011/06-04/2011-06-04_16-50-33_328.jpg', 87),
	(2339, '2011-06-04 16:46:04', '2011-06-04_16-46-03_953.jpg', 'img/2011/06-04/2011-06-04_16-46-03_953.jpg', 87),
	(2340, '2011-06-04 16:47:35', '2011-06-04_16-47-35_232.jpg', 'img/2011/06-04/2011-06-04_16-47-35_232.jpg', 87),
	(2341, '2011-06-04 16:46:36', '2011-06-04_16-46-35_882.jpg', 'img/2011/06-04/2011-06-04_16-46-35_882.jpg', 87),
	(2342, '2011-06-04 16:50:16', '2011-06-04_16-50-16_124.jpg', 'img/2011/06-04/2011-06-04_16-50-16_124.jpg', 87),
	(2343, '2011-06-04 16:46:08', '2011-06-04_16-46-08_93.jpg', 'img/2011/06-04/2011-06-04_16-46-08_93.jpg', 87),
	(2344, '2011-06-04 16:49:16', '2011-06-04_16-49-16_321.jpg', 'img/2011/06-04/2011-06-04_16-49-16_321.jpg', 87),
	(2345, '2011-06-04 16:54:51', '2011-06-04_16-54-51_557.jpg', 'img/2011/06-04/2011-06-04_16-54-51_557.jpg', 87),
	(2346, '2011-06-04 16:54:47', '2011-06-04_16-54-46_782.jpg', 'img/2011/06-04/2011-06-04_16-54-46_782.jpg', 87),
	(2347, '2011-06-04 16:54:01', '2011-06-04_16-54-01_183.jpg', 'img/2011/06-04/2011-06-04_16-54-01_183.jpg', 87),
	(2348, '2011-06-04 17:08:57', '2011-06-04_17-08-56_721.jpg', '\\img\\2011\\06-04\\2011-06-04_17-08-56_721.jpg', 91),
	(2349, '2011-06-04 17:12:46', '2011-06-04_17-12-45_528.jpg', '\\img\\2011\\06-04\\2011-06-04_17-12-45_528.jpg', 91),
	(2350, '2011-06-04 19:21:32', '2011-06-04_19-21-31_518.jpg', 'img/2011/06-04/2011-06-04_19-21-31_518.jpg', 91),
	(2351, '2011-06-04 21:34:38', '2011-06-04_21-34-34_790.jpg', 'img/2011/06-04/2011-06-04_21-34-34_790.jpg', 87),
	(2352, '2011-06-04 16:52:42', '2011-06-04_16-52-41_758.jpg', 'img/2011/06-04/2011-06-04_16-52-41_758.jpg', 87),
	(2353, '2011-06-04 16:54:35', '2011-06-04_16-54-35_314.jpg', 'img/2011/06-04/2011-06-04_16-54-35_314.jpg', 87),
	(2354, '2011-06-04 16:48:44', '2011-06-04_16-48-44_127.jpg', 'img/2011/06-04/2011-06-04_16-48-44_127.jpg', 87),
	(2355, '2011-06-05 11:08:12', '2011-06-05_11-08-11_854.jpg', 'img/2011/06-05/2011-06-05_11-08-11_854.jpg', 34),
	(2356, '2011-06-05 11:08:18', '2011-06-05_11-08-18_260.jpg', 'img/2011/06-05/2011-06-05_11-08-18_260.jpg', 34),
	(2357, '2011-06-05 11:49:46', '2011-06-05_11-49-45_858.jpg', 'img/2011/06-05/2011-06-05_11-49-45_858.jpg', 33),
	(2359, '2011-06-05 12:06:56', '2011-06-05_12-06-56_484.jpg', 'img/2011/06-05/2011-06-05_12-06-56_484.jpg', 33),
	(2361, '2011-06-05 12:16:28', '2011-06-05_12-16-27_818.jpg', 'img/2011/06-05/2011-06-05_12-16-27_818.jpg', 33),
	(2362, '2011-06-05 12:07:02', '2011-06-05_12-07-01_990.jpg', 'img/2011/06-05/2011-06-05_12-07-01_990.jpg', 33),
	(2366, '2011-06-05 12:20:14', '2011-06-05_12-20-14_3.jpg', 'img/2011/06-05/2011-06-05_12-20-14_3.jpg', 33),
	(2367, '2011-06-05 12:21:20', '2011-06-05_12-21-19_820.jpg', 'img/2011/06-05/2011-06-05_12-21-19_820.jpg', 33),
	(2368, '2011-06-05 12:21:56', '2011-06-05_12-21-56_538.jpg', 'img/2011/06-05/2011-06-05_12-21-56_538.jpg', 83),
	(2369, '2011-06-05 12:20:57', '2011-06-05_12-20-57_383.jpg', 'img/2011/06-05/2011-06-05_12-20-57_383.jpg', 33),
	(2370, '2011-06-05 12:21:53', '2011-06-05_12-21-53_239.jpg', 'img/2011/06-05/2011-06-05_12-21-53_239.jpg', 83),
	(2372, '2011-06-05 12:22:34', '2011-06-05_12-22-34_270.jpg', '\\img\\2011\\06-05\\2011-06-05_12-22-34_270.jpg', 83),
	(2374, '2011-06-05 12:22:24', '2011-06-05_12-22-24_648.jpg', '\\img\\2011\\06-05\\2011-06-05_12-22-24_648.jpg', 83),
	(2375, '2011-06-05 12:22:21', '2011-06-05_12-22-20_958.jpg', '\\img\\2011\\06-05\\2011-06-05_12-22-20_958.jpg', 83),
	(2376, '2011-06-05 12:22:00', '2011-06-05_12-22-00_211.jpg', '\\img\\2011\\06-05\\2011-06-05_12-22-00_211.jpg', 83),
	(2377, '2011-06-05 11:58:19', '2011-06-05_11-58-18_870.jpg', '\\img\\2011\\06-05\\2011-06-05_11-58-18_870.jpg', 34),
	(2378, '2011-06-05 11:30:55', '2011-06-05_11-30-55_25.jpg', '\\img\\2011\\06-05\\2011-06-05_11-30-55_25.jpg', 34),
	(2379, '2011-06-05 11:50:42', '2011-06-05_11-50-42_588.jpg', '\\img\\2011\\06-05\\2011-06-05_11-50-42_588.jpg', 34),
	(2380, '2011-06-05 11:31:12', '2011-06-05_11-31-11_814.jpg', '\\img\\2011\\06-05\\2011-06-05_11-31-11_814.jpg', 34),
	(2381, '2011-06-05 12:00:11', '2011-06-05_12-00-11_146.jpg', '\\img\\2011\\06-05\\2011-06-05_12-00-11_146.jpg', 34),
	(2382, '2011-06-05 11:52:23', '2011-06-05_11-52-22_955.jpg', '\\img\\2011\\06-05\\2011-06-05_11-52-22_955.jpg', 34),
	(2383, '2011-06-05 12:08:21', '2011-06-05_12-08-21_57.jpg', '\\img\\2011\\06-05\\2011-06-05_12-08-21_57.jpg', 34),
	(2384, '2011-06-05 11:37:46', '2011-06-05_11-37-45_821.jpg', '\\img\\2011\\06-05\\2011-06-05_11-37-45_821.jpg', 34),
	(2385, '2011-06-05 11:50:02', '2011-06-05_11-50-02_415.jpg', '\\img\\2011\\06-05\\2011-06-05_11-50-02_415.jpg', 34),
	(2386, '2011-06-05 11:57:18', '2011-06-05_11-57-18_220.jpg', '\\img\\2011\\06-05\\2011-06-05_11-57-18_220.jpg', 34),
	(2387, '2011-06-05 11:37:53', '2011-06-05_11-37-52_564.jpg', '\\img\\2011\\06-05\\2011-06-05_11-37-52_564.jpg', 34),
	(2388, '2011-06-05 11:57:23', '2011-06-05_11-57-22_753.jpg', '\\img\\2011\\06-05\\2011-06-05_11-57-22_753.jpg', 34),
	(2389, '2011-06-05 11:53:10', '2011-06-05_11-53-09_267.jpg', '\\img\\2011\\06-05\\2011-06-05_11-53-09_267.jpg', 34),
	(2390, '2011-06-05 12:18:40', '2011-06-05_12-18-40_283.jpg', '\\img\\2011\\06-05\\2011-06-05_12-18-40_283.jpg', 34),
	(2391, '2011-06-05 11:49:59', '2011-06-05_11-49-58_720.jpg', '\\img\\2011\\06-05\\2011-06-05_11-49-58_720.jpg', 34),
	(2392, '2011-06-05 11:50:21', '2011-06-05_11-50-20_833.jpg', '\\img\\2011\\06-05\\2011-06-05_11-50-20_833.jpg', 34),
	(2393, '2011-06-05 11:52:50', '2011-06-05_11-52-49_880.jpg', '\\img\\2011\\06-05\\2011-06-05_11-52-49_880.jpg', 34),
	(2394, '2011-06-05 11:53:04', '2011-06-05_11-53-04_241.jpg', '\\img\\2011\\06-05\\2011-06-05_11-53-04_241.jpg', 34),
	(2395, '2011-06-05 11:52:57', '2011-06-05_11-52-56_857.jpg', '\\img\\2011\\06-05\\2011-06-05_11-52-56_857.jpg', 34),
	(2396, '2011-06-05 11:51:28', '2011-06-05_11-51-27_898.jpg', '\\img\\2011\\06-05\\2011-06-05_11-51-27_898.jpg', 34),
	(2397, '2011-06-05 11:58:03', '2011-06-05_11-58-02_838.jpg', '\\img\\2011\\06-05\\2011-06-05_11-58-02_838.jpg', 34),
	(2398, '2011-06-05 11:51:32', '2011-06-05_11-51-32_603.jpg', '\\img\\2011\\06-05\\2011-06-05_11-51-32_603.jpg', 34),
	(2399, '2011-06-05 11:52:33', '2011-06-05_11-52-32_475.jpg', '\\img\\2011\\06-05\\2011-06-05_11-52-32_475.jpg', 34),
	(2400, '2011-06-05 11:50:45', '2011-06-05_11-50-45_541.jpg', '\\img\\2011\\06-05\\2011-06-05_11-50-45_541.jpg', 34),
	(2401, '2011-06-05 12:27:38', '2011-06-05_12-27-38_80.jpg', '\\img\\2011\\06-05\\2011-06-05_12-27-38_80.jpg', 34),
	(2402, '2011-06-05 12:27:58', '2011-06-05_12-27-58_337.jpg', '\\img\\2011\\06-05\\2011-06-05_12-27-58_337.jpg', 34),
	(2403, '2011-06-05 12:41:01', '2011-06-05_12-41-00_469.jpg', 'img/2011/06-05/2011-06-05_12-41-00_469.jpg', 83),
	(2404, '2011-06-05 12:44:56', '2011-06-05_12-44-55_953.jpg', 'img/2011/06-05/2011-06-05_12-44-55_953.jpg', 83),
	(2405, '2011-06-05 12:45:54', '2011-06-05_12-45-54_15.jpg', 'img/2011/06-05/2011-06-05_12-45-54_15.jpg', 83),
	(2406, '2011-06-05 12:46:09', '2011-06-05_12-46-09_132.jpg', 'img/2011/06-05/2011-06-05_12-46-09_132.jpg', 83),
	(2407, '2011-06-05 12:51:07', '2011-06-05_12-51-07_603.jpg', 'img/2011/06-05/2011-06-05_12-51-07_603.jpg', 33),
	(2410, '2011-06-05 12:34:40', '2011-06-05_12-34-40_641.jpg', 'img/2011/06-05/2011-06-05_12-34-40_641.jpg', 33),
	(2411, '2011-06-05 12:51:12', '2011-06-05_12-51-12_46.jpg', 'img/2011/06-05/2011-06-05_12-51-12_46.jpg', 33),
	(2412, '2011-06-05 12:34:30', '2011-06-05_12-34-30_609.jpg', 'img/2011/06-05/2011-06-05_12-34-30_609.jpg', 33),
	(2413, '2011-06-05 12:26:36', '2011-06-05_12-26-36_335.jpg', 'img/2011/06-05/2011-06-05_12-26-36_335.jpg', 33),
	(2414, '2011-06-05 12:33:01', '2011-06-05_12-33-01_593.jpg', 'img/2011/06-05/2011-06-05_12-33-01_593.jpg', 33),
	(2416, '2011-06-05 12:54:00', '2011-06-05_12-54-00_634.jpg', 'img/2011/06-05/2011-06-05_12-54-00_634.jpg', 33),
	(2417, '2011-06-05 12:56:39', '2011-06-05_12-56-38_942.jpg', 'img/2011/06-05/2011-06-05_12-56-38_942.jpg', 33),
	(2419, '2011-06-05 12:44:25', '2011-06-05_12-44-25_484.jpg', 'img/2011/06-05/2011-06-05_12-44-25_484.jpg', 33),
	(2420, '2011-06-05 12:40:35', '2011-06-05_12-40-35_234.jpg', 'img/2011/06-05/2011-06-05_12-40-35_234.jpg', 33),
	(2424, '2011-06-05 12:40:44', '2011-06-05_12-40-44_734.jpg', 'img/2011/06-05/2011-06-05_12-40-44_734.jpg', 33),
	(2426, '2011-06-05 12:22:33', '2011-06-05_12-22-33_578.jpg', 'img/2011/06-05/2011-06-05_12-22-33_578.jpg', 33),
	(2428, '2011-06-05 13:04:55', '2011-06-05_13-04-54_815.jpg', '\\img\\2011\\06-05\\2011-06-05_13-04-54_815.jpg', 34),
	(2429, '2011-06-05 12:29:38', '2011-06-05_12-29-37_568.jpg', 'img/2011/06-05/2011-06-05_12-29-37_568.jpg', 33),
	(2431, '2011-06-05 12:26:10', '2011-06-05_12-26-10_539.jpg', 'img/2011/06-05/2011-06-05_12-26-10_539.jpg', 33),
	(2432, '2011-06-05 13:06:19', '2011-06-05_13-06-19_141.jpg', '\\img\\2011\\06-05\\2011-06-05_13-06-19_141.jpg', 34),
	(2433, '2011-06-05 12:21:31', '2011-06-05_12-21-31_204.jpg', 'img/2011/06-05/2011-06-05_12-21-31_204.jpg', 33),
	(2438, '2011-06-05 13:08:20', '2011-06-05_13-08-19_900.jpg', '\\img\\2011\\06-05\\2011-06-05_13-08-19_900.jpg', 34),
	(2439, '2011-06-05 12:54:37', '2011-06-05_12-54-37_439.jpg', 'img/2011/06-05/2011-06-05_12-54-37_439.jpg', 33),
	(2440, '2011-06-05 12:43:42', '2011-06-05_12-43-42_528.jpg', 'img/2011/06-05/2011-06-05_12-43-42_528.jpg', 33),
	(2441, '2011-06-05 12:55:36', '2011-06-05_12-55-36_341.jpg', 'img/2011/06-05/2011-06-05_12-55-36_341.jpg', 33),
	(2442, '2011-06-05 12:54:21', '2011-06-05_12-54-21_85.jpg', 'img/2011/06-05/2011-06-05_12-54-21_85.jpg', 33),
	(2444, '2011-06-05 12:33:37', '2011-06-05_12-33-36_835.jpg', 'img/2011/06-05/2011-06-05_12-33-36_835.jpg', 33),
	(2445, '2011-06-05 12:34:10', '2011-06-05_12-34-10_617.jpg', 'img/2011/06-05/2011-06-05_12-34-10_617.jpg', 33),
	(2446, '2011-06-05 12:49:34', '2011-06-05_12-49-34_343.jpg', 'img/2011/06-05/2011-06-05_12-49-34_343.jpg', 33),
	(2447, '2011-06-05 12:29:53', '2011-06-05_12-29-53_773.jpg', 'img/2011/06-05/2011-06-05_12-29-53_773.jpg', 33),
	(2454, '2011-06-05 13:23:01', '2011-06-05_13-23-00_640.jpg', 'img/2011/06-05/2011-06-05_13-23-00_640.jpg', 83),
	(2455, '2011-06-05 13:23:13', '2011-06-05_13-23-13_121.jpg', 'img/2011/06-05/2011-06-05_13-23-13_121.jpg', 83),
	(2456, '2011-06-05 13:25:44', '2011-06-05_13-25-43_921.jpg', 'img/2011/06-05/2011-06-05_13-25-43_921.jpg', 83),
	(2457, '2011-06-05 13:26:09', '2011-06-05_13-26-09_340.jpg', 'img/2011/06-05/2011-06-05_13-26-09_340.jpg', 83),
	(2458, '2011-06-05 13:25:56', '2011-06-05_13-25-56_179.jpg', 'img/2011/06-05/2011-06-05_13-25-56_179.jpg', 83),
	(2459, '2011-06-05 13:26:01', '2011-06-05_13-26-01_89.jpg', 'img/2011/06-05/2011-06-05_13-26-01_89.jpg', 83),
	(2464, '2011-06-05 13:30:18', '2011-06-05_13-30-18_140.jpg', 'img/2011/06-05/2011-06-05_13-30-18_140.jpg', 83),
	(2466, '2011-06-05 13:31:45', '2011-06-05_13-31-45_673.jpg', 'img/2011/06-05/2011-06-05_13-31-45_673.jpg', 83),
	(2467, '2011-06-05 13:30:42', '2011-06-05_13-30-42_210.jpg', 'img/2011/06-05/2011-06-05_13-30-42_210.jpg', 85),
	(2468, '2011-06-05 13:31:01', '2011-06-05_13-31-01_417.jpg', 'img/2011/06-05/2011-06-05_13-31-01_417.jpg', 83),
	(2469, '2011-06-05 13:31:42', '2011-06-05_13-31-41_816.jpg', 'img/2011/06-05/2011-06-05_13-31-41_816.jpg', 83),
	(2470, '2011-06-05 13:31:55', '2011-06-05_13-31-55_621.jpg', 'img/2011/06-05/2011-06-05_13-31-55_621.jpg', 83),
	(2471, '2011-06-05 13:33:09', '2011-06-05_13-33-09_547.jpg', 'img/2011/06-05/2011-06-05_13-33-09_547.jpg', 83),
	(2472, '2011-06-05 13:33:01', '2011-06-05_13-33-01_593.jpg', 'img/2011/06-05/2011-06-05_13-33-01_593.jpg', 83),
	(2473, '2011-06-05 13:33:24', '2011-06-05_13-33-24_656.jpg', 'img/2011/06-05/2011-06-05_13-33-24_656.jpg', 83),
	(2474, '2011-06-05 13:33:35', '2011-06-05_13-33-34_795.jpg', 'img/2011/06-05/2011-06-05_13-33-34_795.jpg', 83),
	(2475, '2011-06-05 13:51:45', '2011-06-05_13-51-45_351.jpg', 'img/2011/06-05/2011-06-05_13-51-45_351.jpg', 83),
	(2476, '2011-06-05 13:52:30', '2011-06-05_13-52-29_829.jpg', '\\img\\2011\\06-05\\2011-06-05_13-52-29_829.jpg', 83),
	(2477, '2011-06-05 13:52:38', '2011-06-05_13-52-38_302.jpg', '\\img\\2011\\06-05\\2011-06-05_13-52-38_302.jpg', 83),
	(2478, '2011-06-05 13:52:12', '2011-06-05_13-52-12_500.jpg', '\\img\\2011\\06-05\\2011-06-05_13-52-12_500.jpg', 83),
	(2479, '2011-06-05 13:55:42', '2011-06-05_13-55-41_679.jpg', '\\img\\2011\\06-05\\2011-06-05_13-55-41_679.jpg', 83),
	(2480, '2011-06-05 13:53:39', '2011-06-05_13-53-38_985.jpg', '\\img\\2011\\06-05\\2011-06-05_13-53-38_985.jpg', 83),
	(2481, '2011-06-05 13:55:49', '2011-06-05_13-55-49_192.jpg', 'img/2011/06-05/2011-06-05_13-55-49_192.jpg', 83),
	(2482, '2011-06-05 14:02:16', '2011-06-05_14-02-16_46.jpg', '\\img\\2011\\06-05\\2011-06-05_14-02-16_46.jpg', 83),
	(2483, '2011-06-05 14:03:43', '2011-06-05_14-03-43_198.jpg', 'img/2011/06-05/2011-06-05_14-03-43_198.jpg', 85),
	(2484, '2011-06-05 13:51:03', '2011-06-05_13-51-02_968.jpg', '\\img\\2011\\06-05\\2011-06-05_13-51-02_968.jpg', 85),
	(2485, '2011-06-05 13:50:43', '2011-06-05_13-50-42_496.jpg', '\\img\\2011\\06-05\\2011-06-05_13-50-42_496.jpg', 85),
	(2486, '2011-06-05 13:51:59', '2011-06-05_13-51-58_860.jpg', '\\img\\2011\\06-05\\2011-06-05_13-51-58_860.jpg', 85),
	(2487, '2011-06-05 14:08:39', '2011-06-05_14-08-39_30.jpg', 'img/2011/06-05/2011-06-05_14-08-39_30.jpg', 83),
	(2488, '2011-06-05 14:09:23', '2011-06-05_14-09-22_882.jpg', 'img/2011/06-05/2011-06-05_14-09-22_882.jpg', 83),
	(2489, '2011-06-05 14:13:04', '2011-06-05_14-13-04_547.jpg', 'img/2011/06-05/2011-06-05_14-13-04_547.jpg', 83),
	(2490, '2011-06-05 14:12:47', '2011-06-05_14-12-47_520.jpg', '\\img\\2011\\06-05\\2011-06-05_14-12-47_520.jpg', 83),
	(2491, '2011-06-05 14:14:38', '2011-06-05_14-14-38_725.jpg', 'img/2011/06-05/2011-06-05_14-14-38_725.jpg', 83),
	(2492, '2011-06-05 14:12:49', '2011-06-05_14-12-49_460.jpg', '\\img\\2011\\06-05\\2011-06-05_14-12-49_460.jpg', 83),
	(2493, '2011-06-05 14:14:38', '2011-06-05_14-14-37_641.jpg', 'img/2011/06-05/2011-06-05_14-14-37_641.jpg', 83),
	(2494, '2011-06-05 14:12:15', '2011-06-05_14-12-15_351.jpg', 'img/2011/06-05/2011-06-05_14-12-15_351.jpg', 85),
	(2495, '2011-06-05 14:11:41', '2011-06-05_14-11-41_288.jpg', 'img/2011/06-05/2011-06-05_14-11-41_288.jpg', 85),
	(2496, '2011-06-05 14:11:58', '2011-06-05_14-11-58_173.jpg', 'img/2011/06-05/2011-06-05_14-11-58_173.jpg', 85),
	(2497, '2011-06-05 14:16:59', '2011-06-05_14-16-59_302.jpg', 'img/2011/06-05/2011-06-05_14-16-59_302.jpg', 83),
	(2498, '2011-06-05 14:14:45', '2011-06-05_14-14-45_90.jpg', 'img/2011/06-05/2011-06-05_14-14-45_90.jpg', 83),
	(2499, '2011-06-05 14:15:13', '2011-06-05_14-15-13_329.jpg', 'img/2011/06-05/2011-06-05_14-15-13_329.jpg', 83),
	(2500, '2011-06-05 14:15:05', '2011-06-05_14-15-05_351.jpg', 'img/2011/06-05/2011-06-05_14-15-05_351.jpg', 83),
	(2501, '2011-06-05 14:19:16', '2011-06-05_14-19-16_312.jpg', 'img/2011/06-05/2011-06-05_14-19-16_312.jpg', 83),
	(2502, '2011-06-05 14:21:16', '2011-06-05_14-21-16_38.jpg', 'img/2011/06-05/2011-06-05_14-21-16_38.jpg', 83),
	(2503, '2011-06-05 14:23:55', '2011-06-05_14-23-55_359.jpg', 'img/2011/06-05/2011-06-05_14-23-55_359.jpg', 83),
	(2508, '2011-06-05 14:30:34', '2011-06-05_14-30-34_310.jpg', 'img/2011/06-05/2011-06-05_14-30-34_310.jpg', 83),
	(2509, '2011-06-05 14:20:35', '2011-06-05_14-20-35_98.jpg', 'img/2011/06-05/2011-06-05_14-20-35_98.jpg', 85),
	(2510, '2011-06-05 14:22:54', '2011-06-05_14-22-53_905.jpg', 'img/2011/06-05/2011-06-05_14-22-53_905.jpg', 85),
	(2511, '2011-06-05 14:23:09', '2011-06-05_14-23-08_941.jpg', 'img/2011/06-05/2011-06-05_14-23-08_941.jpg', 85),
	(2512, '2011-06-05 14:20:19', '2011-06-05_14-20-19_679.jpg', 'img/2011/06-05/2011-06-05_14-20-19_679.jpg', 85),
	(2513, '2011-06-05 14:26:55', '2011-06-05_14-26-55_421.jpg', 'img/2011/06-05/2011-06-05_14-26-55_421.jpg', 85),
	(2514, '2011-06-05 14:27:08', '2011-06-05_14-27-07_663.jpg', 'img/2011/06-05/2011-06-05_14-27-07_663.jpg', 85),
	(2515, '2011-06-05 14:17:00', '2011-06-05_14-17-00_7.jpg', 'img/2011/06-05/2011-06-05_14-17-00_7.jpg', 85),
	(2516, '2011-06-05 14:32:00', '2011-06-05_14-31-59_606.jpg', 'img/2011/06-05/2011-06-05_14-31-59_606.jpg', 85),
	(2517, '2011-06-05 14:32:16', '2011-06-05_14-32-15_265.jpg', 'img/2011/06-05/2011-06-05_14-32-15_265.jpg', 85),
	(2518, '2011-06-05 14:37:06', '2011-06-05_14-37-06_484.jpg', 'img/2011/06-05/2011-06-05_14-37-06_484.jpg', 85),
	(2519, '2011-06-05 14:41:35', '2011-06-05_14-41-34_837.jpg', 'img/2011/06-05/2011-06-05_14-41-34_837.jpg', 85),
	(2520, '2011-06-05 14:41:49', '2011-06-05_14-41-48_970.jpg', 'img/2011/06-05/2011-06-05_14-41-48_970.jpg', 85),
	(2521, '2011-06-05 14:46:28', '2011-06-05_14-46-28_56.jpg', 'img/2011/06-05/2011-06-05_14-46-28_56.jpg', 85),
	(2522, '2011-06-05 14:50:40', '2011-06-05_14-50-39_821.jpg', '\\img\\2011\\06-05\\2011-06-05_14-50-39_821.jpg', 90),
	(2523, '2011-06-05 14:54:08', '2011-06-05_14-54-07_857.jpg', 'img/2011/06-05/2011-06-05_14-54-07_857.jpg', 83),
	(2524, '2011-06-05 14:49:13', '2011-06-05_14-49-13_649.jpg', 'img/2011/06-05/2011-06-05_14-49-13_649.jpg', 85),
	(2525, '2011-06-05 14:49:31', '2011-06-05_14-49-31_452.jpg', 'img/2011/06-05/2011-06-05_14-49-31_452.jpg', 85),
	(2526, '2011-06-05 14:53:45', '2011-06-05_14-53-45_521.jpg', 'img/2011/06-05/2011-06-05_14-53-45_521.jpg', 85),
	(2527, '2011-06-05 15:01:34', '2011-06-05_15-01-34_344.jpg', 'img/2011/06-05/2011-06-05_15-01-34_344.jpg', 83),
	(2528, '2011-06-05 15:01:31', '2011-06-05_15-01-30_991.jpg', 'img/2011/06-05/2011-06-05_15-01-30_991.jpg', 83),
	(2529, '2011-06-05 14:58:22', '2011-06-05_14-58-22_35.jpg', 'img/2011/06-05/2011-06-05_14-58-22_35.jpg', 85),
	(2530, '2011-06-05 15:07:27', '2011-06-05_15-07-26_996.jpg', 'img/2011/06-05/2011-06-05_15-07-26_996.jpg', 83),
	(2531, '2011-06-05 15:07:17', '2011-06-05_15-07-17_3.jpg', 'img/2011/06-05/2011-06-05_15-07-17_3.jpg', 83),
	(2532, '2011-06-05 15:07:05', '2011-06-05_15-07-05_294.jpg', 'img/2011/06-05/2011-06-05_15-07-05_294.jpg', 83),
	(2533, '2011-06-05 15:07:17', '2011-06-05_15-07-17_398.jpg', 'img/2011/06-05/2011-06-05_15-07-17_398.jpg', 83),
	(2534, '2011-06-05 15:07:08', '2011-06-05_15-07-08_120.jpg', 'img/2011/06-05/2011-06-05_15-07-08_120.jpg', 83),
	(2535, '2011-06-05 14:58:34', '2011-06-05_14-58-34_101.jpg', 'img/2011/06-05/2011-06-05_14-58-34_101.jpg', 85),
	(2536, '2011-06-05 15:14:39', '2011-06-05_15-14-38_223.jpg', 'img/2011/06-05/2011-06-05_15-14-38_223.jpg', 83),
	(2537, '2011-06-05 15:14:26', '2011-06-05_15-14-26_374.jpg', 'img/2011/06-05/2011-06-05_15-14-26_374.jpg', 83),
	(2538, '2011-06-05 15:14:35', '2011-06-05_15-14-35_155.jpg', 'img/2011/06-05/2011-06-05_15-14-35_155.jpg', 83),
	(2539, '2011-06-05 15:22:20', '2011-06-05_15-22-19_999.jpg', 'img/2011/06-05/2011-06-05_15-22-19_999.jpg', 83),
	(2540, '2011-06-05 15:22:06', '2011-06-05_15-22-05_875.jpg', '\\img\\2011\\06-05\\2011-06-05_15-22-05_875.jpg', 83),
	(2541, '2011-06-05 15:27:07', '2011-06-05_15-27-06_977.jpg', 'img/2011/06-05/2011-06-05_15-27-06_977.jpg', 83),
	(2542, '2011-06-05 15:27:18', '2011-06-05_15-27-17_616.jpg', 'img/2011/06-05/2011-06-05_15-27-17_616.jpg', 83),
	(2543, '2011-06-05 15:27:20', '2011-06-05_15-27-20_559.jpg', 'img/2011/06-05/2011-06-05_15-27-20_559.jpg', 83),
	(2544, '2011-06-05 15:33:03', '2011-06-05_15-33-03_226.jpg', 'img/2011/06-05/2011-06-05_15-33-03_226.jpg', 83),
	(2545, '2011-06-05 15:33:07', '2011-06-05_15-33-06_159.jpg', 'img/2011/06-05/2011-06-05_15-33-06_159.jpg', 83),
	(2546, '2011-06-05 15:33:23', '2011-06-05_15-33-22_929.jpg', 'img/2011/06-05/2011-06-05_15-33-22_929.jpg', 83),
	(2547, '2011-06-05 15:37:25', '2011-06-05_15-37-25_339.jpg', '\\img\\2011\\06-05\\2011-06-05_15-37-25_339.jpg', 83),
	(2548, '2011-06-05 15:38:04', '2011-06-05_15-38-04_515.jpg', 'img/2011/06-05/2011-06-05_15-38-04_515.jpg', 83),
	(2549, '2011-06-05 15:41:12', '2011-06-05_15-41-11_308.jpg', '\\img\\2011\\06-05\\2011-06-05_15-41-11_308.jpg', 83),
	(2550, '2011-06-05 15:40:59', '2011-06-05_15-40-59_124.jpg', 'img/2011/06-05/2011-06-05_15-40-59_124.jpg', 83),
	(2552, '2011-06-05 16:21:52', '2011-06-05_16-21-51_622.jpg', '\\img\\2011\\06-05\\2011-06-05_16-21-51_622.jpg', 90),
	(2553, '2011-06-05 15:33:53', '2011-06-05_15-33-52_708.jpg', '\\img\\2011\\06-05\\2011-06-05_15-33-52_708.jpg', 90),
	(2554, '2011-06-05 16:25:49', '2011-06-05_16-25-49_734.jpg', '\\img\\2011\\06-05\\2011-06-05_16-25-49_734.jpg', 90),
	(2556, '2011-06-05 16:20:20', '2011-06-05_16-20-19_703.jpg', '\\img\\2011\\06-05\\2011-06-05_16-20-19_703.jpg', 90),
	(2557, '2011-06-05 15:10:41', '2011-06-05_15-10-40_869.jpg', '\\img\\2011\\06-05\\2011-06-05_15-10-40_869.jpg', 90),
	(2559, '2011-06-05 16:19:55', '2011-06-05_16-19-55_435.jpg', '\\img\\2011\\06-05\\2011-06-05_16-19-55_435.jpg', 90),
	(2560, '2011-06-05 16:18:00', '2011-06-05_16-18-00_686.jpg', '\\img\\2011\\06-05\\2011-06-05_16-18-00_686.jpg', 90),
	(2562, '2011-06-05 15:20:39', '2011-06-05_15-20-38_357.jpg', '\\img\\2011\\06-05\\2011-06-05_15-20-38_357.jpg', 90),
	(2563, '2011-06-05 16:22:01', '2011-06-05_16-22-00_780.jpg', '\\img\\2011\\06-05\\2011-06-05_16-22-00_780.jpg', 90),
	(2564, '2011-06-05 16:16:38', '2011-06-05_16-16-38_595.jpg', '\\img\\2011\\06-05\\2011-06-05_16-16-38_595.jpg', 90),
	(2567, '2011-06-05 15:53:23', '2011-06-05_15-53-22_592.jpg', '\\img\\2011\\06-05\\2011-06-05_15-53-22_592.jpg', 90),
	(2570, '2011-06-05 15:32:43', '2011-06-05_15-32-42_946.jpg', '\\img\\2011\\06-05\\2011-06-05_15-32-42_946.jpg', 90),
	(2571, '2011-06-05 15:56:58', '2011-06-05_15-56-57_608.jpg', 'img/2011/06-05/2011-06-05_15-56-57_608.jpg', 90),
	(2572, '2011-06-05 16:25:20', '2011-06-05_16-25-20_678.jpg', '\\img\\2011\\06-05\\2011-06-05_16-25-20_678.jpg', 90),
	(2573, '2011-06-05 16:31:40', '2011-06-05_16-31-40_259.jpg', 'img/2011/06-05/2011-06-05_16-31-40_259.jpg', 90),
	(2574, '2011-06-05 16:25:36', '2011-06-05_16-25-36_396.jpg', '\\img\\2011\\06-05\\2011-06-05_16-25-36_396.jpg', 90),
	(2576, '2011-06-05 16:04:16', '2011-06-05_16-04-16_695.jpg', '\\img\\2011\\06-05\\2011-06-05_16-04-16_695.jpg', 90),
	(2577, '2011-06-05 16:16:13', '2011-06-05_16-16-12_865.jpg', '\\img\\2011\\06-05\\2011-06-05_16-16-12_865.jpg', 90),
	(2578, '2011-06-05 16:03:00', '2011-06-05_16-03-00_170.jpg', 'img/2011/06-05/2011-06-05_16-03-00_170.jpg', 90),
	(2579, '2011-06-05 16:18:14', '2011-06-05_16-18-14_679.jpg', '\\img\\2011\\06-05\\2011-06-05_16-18-14_679.jpg', 90),
	(2580, '2011-06-05 16:29:14', '2011-06-05_16-29-14_82.jpg', 'img/2011/06-05/2011-06-05_16-29-14_82.jpg', 90),
	(2583, '2011-06-05 15:48:18', '2011-06-05_15-48-18_144.jpg', 'img/2011/06-05/2011-06-05_15-48-18_144.jpg', 90),
	(2584, '2011-06-05 16:16:22', '2011-06-05_16-16-22_100.jpg', 'img/2011/06-05/2011-06-05_16-16-22_100.jpg', 90),
	(2588, '2011-06-06 11:08:27', '2011-06-06_11-08-26_726.jpg', 'img/2011/06-06/2011-06-06_11-08-26_726.jpg', 33),
	(2589, '2011-06-06 11:08:09', '2011-06-06_11-08-09_476.jpg', 'img/2011/06-06/2011-06-06_11-08-09_476.jpg', 33),
	(2590, '2011-06-06 11:07:56', '2011-06-06_11-07-56_359.jpg', 'img/2011/06-06/2011-06-06_11-07-56_359.jpg', 33),
	(2593, '2011-06-06 13:22:21', '2011-06-06_13-22-21_48.jpg', 'img/2011/06-06/2011-06-06_13-22-21_48.jpg', 33),
	(2595, '2011-06-06 12:39:14', '2011-06-06_12-39-14_618.jpg', 'img/2011/06-06/2011-06-06_12-39-14_618.jpg', 33),
	(2596, '2011-06-06 11:54:21', '2011-06-06_11-54-21_601.jpg', 'img/2011/06-06/2011-06-06_11-54-21_601.jpg', 33),
	(2597, '2011-06-06 12:42:17', '2011-06-06_12-42-17_658.jpg', 'img/2011/06-06/2011-06-06_12-42-17_658.jpg', 33),
	(2599, '2011-06-06 11:51:26', '2011-06-06_11-51-24_960.jpg', 'img/2011/06-06/2011-06-06_11-51-24_960.jpg', 33),
	(2601, '2011-06-04 17:35:56', '2011-06-04_21-35-57_82.jpg', 'img/2011/06-04/2011-06-04_21-35-57_82.jpg', 87),
	(2602, '2011-06-06 12:21:15', '2011-06-06_12-21-15_131.jpg', 'img/2011/06-06/2011-06-06_12-21-15_131.jpg', 33),
	(2603, '2011-06-04 17:35:18', '2011-06-04_21-35-19_109.jpg', 'img/2011/06-04/2011-06-04_21-35-19_109.jpg', 87),
	(2604, '2011-06-06 12:02:32', '2011-06-06_12-02-32_497.jpg', 'img/2011/06-06/2011-06-06_12-02-32_497.jpg', 33),
	(2605, '2011-06-04 17:34:48', '2011-06-04_21-34-49_23.jpg', '\\img\\2011\\06-04\\2011-06-04_21-34-49_23.jpg', 87),
	(2606, '2011-06-06 12:19:48', '2011-06-06_12-19-48_624.jpg', 'img/2011/06-06/2011-06-06_12-19-48_624.jpg', 33),
	(2607, '2011-06-04 12:49:06', '2011-06-04_16-49-06_319.jpg', 'img/2011/06-04/2011-06-04_16-49-06_319.jpg', 87),
	(2609, '2011-06-04 12:52:36', '2011-06-04_16-52-35_946.jpg', 'img/2011/06-04/2011-06-04_16-52-35_946.jpg', 87),
	(2610, '2011-06-06 13:25:31', '2011-06-06_13-25-31_118.jpg', 'img/2011/06-06/2011-06-06_13-25-31_118.jpg', 33),
	(2611, '2011-06-04 12:45:46', '2011-06-04_16-45-46_366.jpg', '\\img\\2011\\06-04\\2011-06-04_16-45-46_366.jpg', 87),
	(2612, '2011-06-06 13:17:54', '2011-06-06_13-17-54_732.jpg', 'img/2011/06-06/2011-06-06_13-17-54_732.jpg', 33),
	(2613, '2011-06-04 12:48:28', '2011-06-04_16-48-27_825.jpg', 'img/2011/06-04/2011-06-04_16-48-27_825.jpg', 87),
	(2614, '2011-06-06 12:16:43', '2011-06-06_12-16-42_528.jpg', 'img/2011/06-06/2011-06-06_12-16-42_528.jpg', 33),
	(2615, '2011-06-04 12:54:20', '2011-06-04_16-54-20_9.jpg', 'img/2011/06-04/2011-06-04_16-54-20_9.jpg', 87),
	(2616, '2011-06-06 12:16:30', '2011-06-06_12-16-30_551.jpg', 'img/2011/06-06/2011-06-06_12-16-30_551.jpg', 33),
	(2617, '2011-06-04 12:48:00', '2011-06-04_16-48-01_202.jpg', '\\img\\2011\\06-04\\2011-06-04_16-48-01_202.jpg', 87),
	(2618, '2011-06-06 13:14:21', '2011-06-06_13-14-21_509.jpg', '\\img\\2011\\06-06\\2011-06-06_13-14-21_509.jpg', 33),
	(2619, '2011-06-04 12:48:50', '2011-06-04_16-48-51_304.jpg', '\\img\\2011\\06-04\\2011-06-04_16-48-51_304.jpg', 87),
	(2621, '2011-06-04 17:35:32', '2011-06-04_21-35-32_609.jpg', 'img/2011/06-04/2011-06-04_21-35-32_609.jpg', 87),
	(2623, '2011-06-04 12:51:12', '2011-06-04_16-51-12_913.jpg', '\\img\\2011\\06-04\\2011-06-04_16-51-12_913.jpg', 87),
	(2625, '2011-06-04 17:36:06', '2011-06-04_21-36-07_67.jpg', 'img/2011/06-04/2011-06-04_21-36-07_67.jpg', 87),
	(2627, '2011-06-04 17:34:58', '2011-06-04_21-34-58_928.jpg', 'img/2011/06-04/2011-06-04_21-34-58_928.jpg', 87),
	(2629, '2011-06-04 17:36:18', '2011-06-04_21-36-17_902.jpg', 'img/2011/06-04/2011-06-04_21-36-17_902.jpg', 87),
	(2630, '2011-06-06 13:16:20', '2011-06-06_13-16-20_489.jpg', '\\img\\2011\\06-06\\2011-06-06_13-16-20_489.jpg', 33),
	(2631, '2011-06-04 12:54:24', '2011-06-04_16-54-25_444.jpg', '\\img\\2011\\06-04\\2011-06-04_16-54-25_444.jpg', 87),
	(2632, '2011-06-06 13:20:22', '2011-06-06_13-20-22_366.jpg', '\\img\\2011\\06-06\\2011-06-06_13-20-22_366.jpg', 33),
	(2633, '2011-06-04 12:47:50', '2011-06-04_16-47-51_421.jpg', '\\img\\2011\\06-04\\2011-06-04_16-47-51_421.jpg', 87),
	(2635, '2011-06-04 12:54:22', '2011-06-04_16-54-23_205.jpg', '\\img\\2011\\06-04\\2011-06-04_16-54-23_205.jpg', 87),
	(2637, '2011-06-04 17:35:46', '2011-06-04_21-35-45_984.jpg', '\\img\\2011\\06-04\\2011-06-04_21-35-45_984.jpg', 87),
	(2639, '2011-06-04 12:54:04', '2011-06-04_16-54-05_226.jpg', '\\img\\2011\\06-04\\2011-06-04_16-54-05_226.jpg', 87),
	(2641, '2011-06-04 17:35:10', '2011-06-04_21-35-10_692.jpg', '\\img\\2011\\06-04\\2011-06-04_21-35-10_692.jpg', 87),
	(2643, '2011-06-04 12:50:54', '2011-06-04_16-50-55_576.jpg', 'img/2011/06-04/2011-06-04_16-50-55_576.jpg', 87),
	(2645, '2011-06-04 12:46:58', '2011-06-04_16-46-59_742.jpg', '\\img\\2011\\06-04\\2011-06-04_16-46-59_742.jpg', 87),
	(2646, '2011-06-06 13:23:56', '2011-06-06_13-23-56_656.jpg', 'img/2011/06-06/2011-06-06_13-23-56_656.jpg', 33),
	(2658, '2011-05-29 18:46:24', '2011-05-29_18-46-25_89.jpg', '\\img\\2011\\05-29\\2011-05-29_18-46-25_89.jpg', 32),
	(2659, '2011-05-29 18:43:16', '2011-05-29_18-43-15_722.jpg', '\\img\\2011\\05-29\\2011-05-29_18-43-15_722.jpg', 32),
	(2660, '2011-05-29 18:25:38', '2011-05-29_18-25-38_124.jpg', '\\img\\2011\\05-29\\2011-05-29_18-25-38_124.jpg', 32),
	(2661, '2011-05-29 18:06:48', '2011-05-29_18-06-47_765.jpg', '\\img\\2011\\05-29\\2011-05-29_18-06-47_765.jpg', 32),
	(2662, '2011-05-29 18:06:58', '2011-05-29_18-06-58_312.jpg', '\\img\\2011\\05-29\\2011-05-29_18-06-58_312.jpg', 32),
	(2663, '2011-05-29 18:06:40', '2011-05-29_18-06-41_62.jpg', '\\img\\2011\\05-29\\2011-05-29_18-06-41_62.jpg', 32),
	(2664, '2011-06-06 14:03:18', '2011-06-06_14-03-18_610.jpg', 'img/2011/06-06/2011-06-06_14-03-18_610.jpg', 33),
	(2665, '2011-06-06 14:02:27', '2011-06-06_14-02-26_477.jpg', 'img/2011/06-06/2011-06-06_14-02-26_477.jpg', 34),
	(2666, '2011-06-06 14:01:37', '2011-06-06_14-01-37_780.jpg', 'img/2011/06-06/2011-06-06_14-01-37_780.jpg', 91),
	(2667, '2011-06-06 14:05:04', '2011-06-06_14-05-04_639.jpg', 'img/2011/06-06/2011-06-06_14-05-04_639.jpg', 90),
	(2668, '2011-05-29 18:25:32', '2011-05-29_18-25-32_53.jpg', '\\img\\2011\\05-29\\2011-05-29_18-25-32_53.jpg', 32),
	(2669, '2011-05-29 18:01:20', '2011-05-29_18-01-19_628.jpg', '\\img\\2011\\05-29\\2011-05-29_18-01-19_628.jpg', 32),
	(2670, '2011-05-29 18:07:00', '2011-05-29_18-07-00_624.jpg', '\\img\\2011\\05-29\\2011-05-29_18-07-00_624.jpg', 32),
	(2671, '2011-06-06 14:01:08', '2011-06-06_14-01-07_882.jpg', 'img/2011/06-06/2011-06-06_14-01-07_882.jpg', 32),
	(2672, '2011-05-29 18:46:30', '2011-05-29_18-46-30_218.jpg', '\\img\\2011\\05-29\\2011-05-29_18-46-30_218.jpg', 32),
	(2673, '2011-05-29 18:25:40', '2011-05-29_18-25-41_67.jpg', '\\img\\2011\\05-29\\2011-05-29_18-25-41_67.jpg', 32),
	(2674, '2011-05-29 18:43:18', '2011-05-29_18-43-19_292.jpg', '\\img\\2011\\05-29\\2011-05-29_18-43-19_292.jpg', 32),
	(2675, '2011-05-29 18:59:22', '2011-05-29_18-59-22_141.jpg', '\\img\\2011\\05-29\\2011-05-29_18-59-22_141.jpg', 32),
	(2676, '2011-05-29 18:44:52', '2011-05-29_18-44-53_256.jpg', '\\img\\2011\\05-29\\2011-05-29_18-44-53_256.jpg', 32),
	(2677, '2011-05-29 18:48:50', '2011-05-29_18-48-50_934.jpg', '\\img\\2011\\05-29\\2011-05-29_18-48-50_934.jpg', 32),
	(2678, '2011-05-29 18:51:08', '2011-05-29_18-51-09_214.jpg', '\\img\\2011\\05-29\\2011-05-29_18-51-09_214.jpg', 32),
	(2679, '2011-05-29 18:40:40', '2011-05-29_18-40-40_615.jpg', '\\img\\2011\\05-29\\2011-05-29_18-40-40_615.jpg', 32),
	(2680, '2011-06-06 14:38:09', '2011-06-06_14-38-09_102.jpg', 'img/2011/06-06/2011-06-06_14-38-09_102.jpg', 31),
	(2681, '2011-06-06 14:39:17', '2011-06-06_14-39-17_85.jpg', 'img/2011/06-06/2011-06-06_14-39-17_85.jpg', 31),
	(2682, '2011-06-06 14:55:52', '2011-06-06_14-55-52_400.jpg', 'img/2011/06-06/2011-06-06_14-55-52_400.jpg', 31),
	(2683, '2011-06-06 14:55:47', '2011-06-06_14-55-46_916.jpg', 'img/2011/06-06/2011-06-06_14-55-46_916.jpg', 31),
	(2684, '2011-06-06 14:39:03', '2011-06-06_14-39-03_382.jpg', 'img/2011/06-06/2011-06-06_14-39-03_382.jpg', 31),
	(2685, '2011-06-06 14:56:52', '2011-06-06_14-56-51_937.jpg', 'img/2011/06-06/2011-06-06_14-56-51_937.jpg', 31),
	(2686, '2011-06-06 14:56:45', '2011-06-06_14-56-45_45.jpg', 'img/2011/06-06/2011-06-06_14-56-45_45.jpg', 31),
	(2688, '2011-06-06 15:17:48', '2011-06-06_15-17-48_260.jpg', 'img/2011/06-06/2011-06-06_15-17-48_260.jpg', 86),
	(2691, '2011-06-06 15:34:35', '2011-06-06_15-34-34_309.jpg', '\\img\\2011\\06-06\\2011-06-06_15-34-34_309.jpg', 31),
	(2693, '2011-06-06 15:36:25', '2011-06-06_15-36-24_903.jpg', 'img/2011/06-06/2011-06-06_15-36-24_903.jpg', 31),
	(2694, '2011-06-06 15:38:03', '2011-06-06_15-38-03_263.jpg', 'img/2011/06-06/2011-06-06_15-38-03_263.jpg', 31),
	(2695, '2011-06-06 15:34:29', '2011-06-06_15-34-28_887.jpg', '\\img\\2011\\06-06\\2011-06-06_15-34-28_887.jpg', 31),
	(2696, '2011-06-07 10:54:00', '2011-06-07_10-53-59_702.jpg', '\\img\\2011\\06-07\\2011-06-07_10-53-59_702.jpg', 31),
	(2697, '2011-06-07 10:54:13', '2011-06-07_10-54-13_742.jpg', 'img/2011/06-07/2011-06-07_10-54-13_742.jpg', 31),
	(2698, '2011-06-07 10:54:37', '2011-06-07_10-54-36_450.jpg', 'img/2011/06-07/2011-06-07_10-54-36_450.jpg', 91),
	(2699, '2011-06-07 11:48:15', '2011-06-07_11-48-14_674.jpg', 'img/2011/06-07/2011-06-07_11-48-14_674.jpg', 91),
	(2700, '2011-06-07 11:33:20', '2011-06-07_11-33-20_203.jpg', 'img/2011/06-07/2011-06-07_11-33-20_203.jpg', 91),
	(2701, '2011-06-07 11:48:06', '2011-06-07_11-48-06_87.jpg', 'img/2011/06-07/2011-06-07_11-48-06_87.jpg', 91),
	(2702, '2011-06-07 12:35:31', '2011-06-07_12-35-30_921.jpg', 'img/2011/06-07/2011-06-07_12-35-30_921.jpg', 91),
	(2703, '2011-06-07 12:00:16', '2011-06-07_12-00-15_703.jpg', 'img/2011/06-07/2011-06-07_12-00-15_703.jpg', 91),
	(2708, '2011-06-07 13:29:50', '2011-06-07_13-29-49_445.jpg', 'img/2011/06-07/2011-06-07_13-29-49_445.jpg', 32);
	
	INSERT INTO `mainlogo` (`id`, `location_image_logo`, `location_id`) VALUES
	(1, '\\img\\mainlogo\\mainlogo_USA.gif', 1),
	(2, '\\img\\mainlogo\\mainlogo_Canada.jpeg', 2),
	(3, '\\img\\mainlogo\\mainlogo_Mexico.jpeg', 4),
	(4, '\\img\\mainlogo\\mainlogo_Long point Eco-Adventures.png', 5),
	(5, '\\img\\mainlogo\\mainlogo_Turkey Point Watersports.png', 164),
	(6, '\\img\\mainlogo\\mainlogo_Chicopee Tube Park.png', 11),
	(7, '\\img\\mainlogo\\mainlogo_Woodside Greens.png', 93);
	
	INSERT INTO `reportsettings` (`id`, `report_path`) VALUES
	(1, 'C:\\Temp\\');
	
	
	INSERT INTO `userfilter` (`id`, `camera_id`, `end_date`, `location_id`, `start_date`, `system_user_id`) VALUES
	(1, '0', '2011-06-08 09:09:00', '11', '2011-06-04 09:09:00', 1),
	(2, '0', '2011-06-07 01:36:11', '0', '2011-06-06 01:36:11', 7),
	(3, '0', '2011-06-08 15:10:00', '0', '2011-06-06 15:10:00', 29),
	(4, '0', '2011-05-18 18:47:14', '0', '2011-05-17 18:47:14', 28),
	(6, '0', '2011-05-19 07:13:00', '0', '2011-05-01 07:13:00', 30),
	(7, '0', '2011-05-19 00:38:45', '0', '2011-05-18 00:38:45', 27),
	(9, '0', '2011-06-08 15:07:00', '0', '2011-06-06 15:07:00', 31),
	(10, '0', '2011-06-08 02:29:42', '0', '2011-06-07 02:29:42', 5),
	(11, '0', '2011-06-06 17:00:00', '0', '2011-06-05 13:30:00', 9),
	(12, '0', '2011-06-07 01:36:00', '0', '2011-06-03 01:36:00', 19);
	
	
	INSERT INTO `statistic_items` (`id`, `creation_date`, `number_participant`, `number_printed`, `packages_id`) VALUES
	(1, '2011-05-18 06:09:40', 1, 6, 22),
	(2, '2011-05-18 06:18:16', 1, 4, 24),
	(3, '2011-05-18 06:28:07', 1, 0, 22),
	(4, '2011-05-18 06:29:40', 1, 0, 24),
	(5, '2011-05-18 06:33:21', 1, 0, 24),
	(6, '2011-05-18 06:40:56', 0, 3, 21),
	(7, '2011-05-18 06:42:52', 0, 2, 22),
	(8, '2011-05-18 07:11:48', 0, 29, 25),
	(9, '2011-05-18 07:12:47', 0, 15, 25),
	(10, '2011-05-18 07:13:02', 1, 0, 25),
	(11, '2011-05-18 07:13:23', 0, 0, 25),
	(12, '2011-05-18 07:14:01', 0, 25, 25),
	(13, '2011-05-18 07:14:28', 0, 30, 24),
	(14, '2011-05-18 08:31:21', 8, 0, 29),
	(15, '2011-05-18 09:00:47', 1, 3, 22),
	(16, '2011-05-18 09:06:47', 1, 0, 21),
	(17, '2011-05-18 19:48:30', 3, 1, 174),
	(18, '2011-05-18 19:51:43', 1, 1, 174),
	(19, '2011-05-18 20:08:07', 1, 1, 175),
	(20, '2011-05-19 06:50:09', 1, 4, 24),
	(21, '2011-05-19 07:28:05', 0, 2, 22),
	(22, '2011-05-19 07:32:06', 0, 2, 22),
	(23, '2011-05-19 07:33:31', 0, 1, 22),
	(24, '2011-05-19 07:36:13', 0, 1, 22),
	(25, '2011-05-19 11:16:16', 0, 1, 28),
	(26, '2011-05-19 11:17:44', 0, 0, 28),
	(27, '2011-05-19 11:19:56', 0, 2, 29),
	(28, '2011-05-19 14:04:34', 0, 3, 21),
	(29, '2011-05-19 14:06:07', 0, 5, 21),
	(30, '2011-05-19 16:51:38', 0, 7, 170),
	(31, '2011-05-19 17:31:29', 0, 1, 170),
	(32, '2011-05-19 17:32:53', 0, 4, 170),
	(33, '2011-05-20 05:22:49', 0, 2, 21),
	(34, '2011-05-20 05:25:15', 0, 2, 21),
	(35, '2011-05-20 06:40:27', 0, 1, 24),
	(36, '2011-05-20 06:46:56', 0, 4, 21),
	(37, '2011-05-20 06:49:40', 0, 2, 21),
	(38, '2011-05-20 06:59:42', 0, 12, 21),
	(39, '2011-05-20 07:56:55', 0, 1, 22),
	(40, '2011-05-20 08:00:08', 0, 1, 21),
	(41, '2011-05-20 08:01:47', 0, 1, 21),
	(42, '2011-05-20 08:22:54', 0, 8, 24),
	(43, '2011-05-20 08:24:08', 0, 1, 22),
	(44, '2011-05-20 08:29:36', 0, 5, 24),
	(45, '2011-05-20 08:30:33', 0, 4, 21),
	(46, '2011-05-20 08:45:38', 0, 3, 22),
	(47, '2011-05-20 09:20:56', 0, 3, 21),
	(48, '2011-05-20 09:23:47', 0, 3, 21),
	(49, '2011-05-20 09:25:04', 0, 3, 25),
	(50, '2011-05-20 09:27:15', 0, 4, 21),
	(51, '2011-05-20 10:21:41', 0, 1, 24),
	(52, '2011-05-20 14:59:42', 0, 2, 28),
	(53, '2011-05-20 15:00:36', 0, 4, 28),
	(54, '2011-05-20 15:03:20', 0, 3, 28),
	(55, '2011-05-20 15:08:21', 0, 4, 28),
	(56, '2011-05-24 04:21:31', 1, 1, 172),
	(57, '2011-05-24 04:30:50', 2, 3, 173),
	(58, '2011-05-24 05:55:38', 1, 1, 172),
	(59, '2011-05-24 05:57:35', 0, 1, 172),
	(60, '2011-05-24 06:12:35', 0, 1, 172),
	(61, '2011-05-24 06:46:48', 0, 3, 172),
	(62, '2011-05-24 07:00:36', 0, 2, 172),
	(63, '2011-05-24 07:13:51', 0, 1, 172),
	(64, '2011-05-24 07:25:00', 0, 1, 172),
	(65, '2011-05-24 07:29:34', 0, 1, 173),
	(66, '2011-05-24 08:27:03', 1, 0, 172),
	(67, '2011-05-26 03:32:08', 1, 32, 25),
	(68, '2011-05-26 03:35:59', 1, 2, 25),
	(69, '2011-05-26 04:47:45', 1, 1, 28),
	(70, '2011-05-26 04:48:54', 1, 3, 28),
	(71, '2011-05-26 12:36:43', 0, 3, 28),
	(72, '2011-05-26 12:38:01', 1, 4, 28),
	(73, '2011-05-26 13:27:00', 0, 1, 28),
	(74, '2011-05-26 13:34:56', 1, 2, 28),
	(75, '2011-05-26 13:52:50', 5, 0, 28),
	(76, '2011-05-26 14:10:49', 0, 1, 28),
	(77, '2011-05-26 14:25:51', 1, 0, 28),
	(78, '2011-05-26 14:57:36', 0, 0, 28),
	(79, '2011-05-26 15:02:41', 1, 0, 28),
	(80, '2011-05-27 05:06:28', 0, 2, 28),
	(81, '2011-05-27 05:08:53', 1, 0, 28),
	(82, '2011-05-27 05:14:28', 1, 2, 25),
	(83, '2011-05-27 05:16:11', 1, 2, 29),
	(84, '2011-05-27 05:19:58', 0, 1, 29),
	(85, '2011-05-27 05:28:41', 0, 0, 29),
	(86, '2011-05-27 05:33:45', 0, 0, 22),
	(87, '2011-05-27 07:10:25', 6, 0, 28),
	(88, '2011-05-28 13:06:10', 7, 0, 28),
	(89, '2011-05-28 13:35:24', 8, 0, 28),
	(90, '2011-05-28 14:49:01', 2, 1, 29),
	(91, '2011-05-28 14:58:29', 2, 0, 29),
	(92, '2011-05-28 15:00:49', 4, 0, 29),
	(93, '2011-05-28 15:07:12', 1, 0, 28),
	(94, '2011-05-28 15:09:08', 1, 0, 28),
	(95, '2011-05-28 15:10:59', 1, 1, 29),
	(96, '2011-05-28 15:21:29', 1, 1, 29),
	(97, '2011-05-29 10:11:23', 7, 0, 30),
	(98, '2011-05-29 10:24:06', 1, 0, 21),
	(99, '2011-05-29 10:25:43', 1, 0, 28),
	(100, '2011-05-29 10:26:33', 1, 0, 30),
	(101, '2011-05-29 10:30:51', 7, 0, 30),
	(102, '2011-05-29 10:36:30', 2, 0, 29),
	(103, '2011-05-29 10:45:30', 7, 0, 28),
	(104, '2011-05-29 10:53:05', 1, 0, 30),
	(105, '2011-05-29 11:06:41', 0, 1, 30),
	(106, '2011-05-29 11:42:42', 1, 0, 28),
	(107, '2011-05-29 12:54:13', 7, 0, 28),
	(108, '2011-05-29 13:55:42', 2, 0, 28),
	(109, '2011-05-30 05:51:58', 1, 1, 22),
	(110, '2011-05-30 06:42:34', 3, 0, 30),
	(111, '2011-05-30 14:15:40', 2, 0, 28),
	(112, '2011-05-30 14:25:56', 1, 0, 30),
	(113, '2011-05-31 13:39:17', 2, 0, 28),
	(114, '2011-05-31 15:45:26', 3, 0, 172),
	(115, '2011-05-31 15:49:23', 3, 0, 172),
	(116, '2011-05-31 21:14:35', 1, 0, 30),
	(117, '2011-06-01 08:30:19', 0, 0, 21),
	(118, '2011-06-01 10:08:28', 4, 0, 30),
	(119, '2011-06-02 03:55:59', 0, 1, 25),
	(120, '2011-06-02 09:13:25', 1, 0, 28),
	(121, '2011-06-02 14:03:35', 5, 0, 28),
	(122, '2011-06-02 15:06:32', 2, 1, 181),
	(123, '2011-06-02 15:16:14', 0, 1, 181),
	(124, '2011-06-02 15:40:49', 1, 1, 30),
	(125, '2011-06-02 16:15:14', 2, 0, 28),
	(126, '2011-06-03 17:29:07', 3, 0, 28),
	(127, '2011-06-04 17:36:26', 1, 0, 29),
	(128, '2011-06-05 12:51:50', 0, 2, 178),
	(129, '2011-06-05 12:59:23', 0, 2, 178),
	(130, '2011-06-05 13:01:33', 0, 3, 178),
	(131, '2011-06-05 13:08:40', 2, 0, 28),
	(132, '2011-06-05 13:08:58', 2, 0, 28),
	(133, '2011-06-05 13:11:35', 1, 1, 178),
	(134, '2011-06-05 13:13:09', 2, 0, 28),
	(135, '2011-06-05 13:54:03', 2, 0, 28),
	(136, '2011-06-05 14:48:07', 2, 0, 28),
	(137, '2011-06-05 14:49:33', 0, 5, 178),
	(138, '2011-06-05 15:01:33', 0, 4, 178),
	(139, '2011-06-05 16:06:37', 1, 0, 181),
	(140, '2011-06-05 16:32:11', 1, 0, 170),
	(141, '2011-06-05 16:34:48', 1, 0, 170),
	(142, '2011-06-05 16:38:05', 1, 0, 170),
	(143, '2011-06-05 16:41:44', 1, 0, 170),
	(144, '2011-06-05 16:48:02', 10, 10, 182),
	(145, '2011-06-05 16:51:27', 5, 0, 28),
	(146, '2011-06-05 17:10:30', 1, 0, 170),
	(147, '2011-06-05 17:10:42', 1, 0, 171),
	(148, '2011-06-05 17:11:17', 1, 0, 170),
	(149, '2011-06-05 17:12:20', 1, 0, 170),
	(150, '2011-06-05 17:19:56', 1, 0, 170),
	(151, '2011-06-05 17:20:13', 1, 1, 170),
	(152, '2011-06-05 17:20:48', 1, 1, 171),
	(153, '2011-06-05 17:21:43', 3, 1, 170),
	(154, '2011-06-05 17:21:59', 3, 1, 170),
	(155, '2011-06-05 17:23:05', 3, 1, 170),
	(156, '2011-06-05 17:25:23', 1, 0, 170),
	(157, '2011-06-05 17:27:11', 1, 0, 170),
	(158, '2011-06-05 17:28:16', 1, 0, 170),
	(159, '2011-06-06 09:19:00', 1, 0, 24),
	(160, '2011-06-06 09:48:17', 1, 0, 25),
	(161, '2011-06-06 10:13:48', 1, 0, 178),
	(162, '2011-06-06 10:54:44', 1, 0, 22),
	(163, '2011-06-06 11:01:41', 1, 0, 25),
	(164, '2011-06-06 11:15:49', 1, 0, 22),
	(165, '2011-06-06 11:31:34', 2, 0, 28),
	(166, '2011-06-06 11:40:39', 2, 0, 28),
	(167, '2011-06-06 11:41:33', 2, 0, 30),
	(168, '2011-06-06 11:43:30', 5, 0, 28),
	(169, '2011-06-06 12:44:10', 1, 0, 30),
	(170, '2011-06-06 12:45:23', 1, 0, 30),
	(171, '2011-06-06 12:47:40', 1, 0, 178),
	(172, '2011-06-06 12:47:57', 1, 0, 178),
	(173, '2011-06-06 12:48:07', 1, 0, 178),
	(174, '2011-06-06 12:48:20', 1, 0, 178),
	(175, '2011-06-06 12:48:30', 1, 0, 178),
	(176, '2011-06-06 12:48:44', 1, 0, 178),
	(177, '2011-06-06 12:48:54', 1, 0, 178),
	(178, '2011-06-06 12:49:00', 1, 0, 178),
	(179, '2011-06-06 12:49:23', 1, 0, 178),
	(180, '2011-06-06 14:16:53', 4, 0, 28),
	(181, '2011-06-06 14:19:03', 1, 0, 30),
	(182, '2011-06-06 14:20:27', 1, 0, 30),
	(183, '2011-06-06 15:14:09', 0, 2, 21),
	(184, '2011-06-06 15:29:03', 1, 1, 21),
	(185, '2011-06-06 16:00:08', 1, 0, 28),
	(186, '2011-06-07 12:46:10', 2, 0, 28),
	(187, '2011-06-07 12:53:26', 2, 0, 28),
	(188, '2011-06-07 14:21:35', 0, 1, 30);
	
	INSERT INTO `staff` (`id`, `staff_name`, `location_id`) VALUES
	(20, 'Becky', 5),
	(33, 'Nikki', 164),
	(34, 'Chelsea', 93),
	(35, 'Fay', 93),
	(37, 'Marg', 93),
	(38, 'Rachel', 93),
	(40, 'Kristi', 5),
	(41, 'Amy D', 5),
	(42, 'Amy VK', 5),
	(43, 'Ben', 5),
	(44, 'Bill', 5),
	(45, 'Brett M', 5),
	(46, 'Bryn', 5),
	(47, 'Colin', 5),
	(48, 'Garrett', 5),
	(49, 'Jack', 5),
	(50, 'Jason', 5),
	(51, 'Karla', 5),
	(52, 'Adam G', 5),
	(53, 'Brett F', 5),
	(54, 'Dylan', 5),
	(55, 'Emily B', 5),
	(56, 'Emily C-E', 5),
	(57, 'Hailey', 5),
	(58, 'Jennifer', 5),
	(59, 'Kaela', 5),
	(60, 'Macully', 5),
	(61, 'Mark R', 5),
	(62, 'Mark S', 5),
	(63, 'Nick', 5),
	(64, 'Simon', 5),
	(65, 'Shane', 5),
	(66, 'Brendan', 5),
	(67, 'Adam VP', 5),
	(68, 'Steve', 5),
	(70, 'All Staff', 11);
	
	INSERT INTO `selected_pictures` (`picture_id`, `system_user_id`) VALUES
	(1495, 27),
	(1504, 27),
	(2282, 19),
	(2283, 19),
	(2286, 19),
	(2289, 19),
	(2290, 19),
	(2293, 19),
	(2300, 19),
	(2302, 19),
	(2334, 19),
	(2345, 19),
	(2346, 19),
	(2353, 19),
	(2491, 1),
	(2515, 1),
	(2539, 1),
	(2593, 7),
	(2596, 7),
	(2627, 19),
	(2643, 19),
	(2702, 29);
	
	INSERT INTO `requests` (`id`, `comments`, `creationdate`, `emails`, `system_user_id`, `location_id`) VALUES
	(5, 'test', '2011-06-01 08:40:43', '', 1, 5),
	(6, 'sdgsaf', '2011-06-01 08:47:00', '', 1, 5),
	(7, 'taegwga', '2011-06-01 08:47:32', '', 1, 5),
	(8, 'sarhrhjwrg ', '2011-06-01 08:48:30', '', 1, 5),
	(9, 'sryghawqwrw', '2011-06-01 08:50:17', '', 1, 5),
	(10, ' ', '2011-06-01 08:52:10', '', 1, 5);
	
	
	INSERT INTO `requests_selected` (`id`, `number_pict_selected`, `send_to_email_selected`, `requests_id`, `picture_id`) VALUES
	(10, 0, 1, 5, 2180),
	(11, 0, 1, 5, 2179),
	(12, 0, 1, 5, 2183),
	(13, 3, 1, 6, 2183),
	(14, 1, 1, 6, 2184),
	(15, 4, 1, 7, 2183),
	(16, 1, 1, 8, 2179),
	(17, 2, 1, 8, 2180),
	(18, 0, 1, 9, 2180),
	(19, 0, 1, 10, 2180),
	(20, 0, 1, 10, 2178);
	
	
	INSERT INTO `staff_statistic` (`statistic_id`, `m_staff_id`) VALUES
	(88, 20),
	(89, 20),
	(90, 20),
	(91, 20),
	(92, 20),
	(107, 20),
	(108, 20),
	(118, 20),
	(120, 20),
	(126, 20),
	(127, 20),
	(131, 20),
	(132, 20),
	(134, 20),
	(135, 20),
	(136, 20),
	(145, 20),
	(165, 20),
	(166, 20),
	(167, 20),
	(168, 20),
	(180, 20),
	(181, 20),
	(182, 20),
	(185, 20),
	(17, 33),
	(18, 33),
	(19, 33),
	(61, 34),
	(62, 34),
	(63, 34),
	(64, 34),
	(65, 34),
	(66, 34),
	(114, 34),
	(115, 34),
	(139, 34),
	(64, 35),
	(122, 35),
	(139, 35),
	(61, 37),
	(115, 37),
	(122, 37),
	(139, 37),
	(114, 38),
	(115, 38),
	(139, 38),
	(74, 40),
	(81, 40),
	(84, 40),
	(85, 40),
	(87, 40),
	(96, 40),
	(110, 40),
	(111, 40),
	(113, 40),
	(80, 41),
	(107, 41),
	(89, 42),
	(103, 42),
	(127, 44),
	(90, 45),
	(91, 45),
	(92, 45),
	(97, 45),
	(102, 45),
	(106, 45),
	(111, 45),
	(113, 45),
	(75, 46),
	(113, 46),
	(88, 47),
	(112, 47),
	(180, 47),
	(185, 47),
	(126, 50),
	(186, 50),
	(187, 50),
	(75, 51),
	(108, 51),
	(131, 51),
	(132, 51),
	(134, 51),
	(135, 51),
	(136, 51),
	(145, 51),
	(165, 51),
	(166, 51),
	(167, 51),
	(168, 51),
	(90, 52),
	(91, 52),
	(92, 52),
	(93, 52),
	(94, 52),
	(97, 52),
	(102, 52),
	(111, 52),
	(180, 53),
	(185, 53),
	(106, 56),
	(89, 57),
	(103, 57),
	(126, 57),
	(107, 58),
	(186, 58),
	(187, 58),
	(108, 60),
	(131, 61),
	(132, 61),
	(134, 61),
	(135, 61),
	(136, 61),
	(145, 61),
	(165, 61),
	(166, 61),
	(167, 61),
	(168, 61),
	(95, 64),
	(112, 66),
	(127, 66),
	(121, 68),
	(124, 68),
	(125, 68),
	(186, 68),
	(187, 68),
	(128, 70),
	(129, 70),
	(133, 70),
	(137, 70),
	(140, 70),
	(141, 70),
	(142, 70),
	(143, 70),
	(144, 70),
	(146, 70),
	(147, 70),
	(148, 70),
	(149, 70),
	(150, 70),
	(151, 70),
	(152, 70),
	(153, 70),
	(154, 70),
	(155, 70),
	(156, 70),
	(157, 70),
	(158, 70),
	(161, 70);
	
	INSERT INTO `helpyourself_selected_pictures` (`id`, `number_pict_selected`, `send_to_email_selected`, `system_user_id`, `picture_id`) VALUES
	(3, 0, 1, 27, 1480),
	(7, 0, 0, 5, 1556),
	(23, 0, 1, 1, 2178),
	(24, 0, 1, 1, 2181),
	(25, 0, 1, 1, 2180),
	(28, 0, 1, 1, 2179),
	(35, 0, 1, 1, 2178),
	(36, 0, 1, 1, 2181),
	(37, 0, 1, 5, 2331),
	(38, 0, 1, 5, 2329);